Dataset,Problem_Size,K,Algorithm,Resource_Count,Run_ID,Iterations
synthetic_blobs,100000,8,Lloyd-Sequential,1,1,80
synthetic_blobs,100000,8,Lloyd-Sequential,1,2,80
synthetic_blobs,100000,8,Lloyd-Sequential,1,3,80
synthetic_blobs,100000,8,Lloyd-Sequential,1,4,80
synthetic_blobs,100000,8,Lloyd-Sequential,1,5,80
synthetic_blobs,100000,8,Lloyd-Parallel-Pool,1,1,80
synthetic_blobs,100000,8,Lloyd-Parallel-Pool,1,2,80
synthetic_blobs,100000,8,Lloyd-Parallel-Pool,1,3,80
synthetic_blobs,100000,8,Lloyd-Parallel-Pool,1,4,80
synthetic_blobs,100000,8,Lloyd-Parallel-Pool,1,5,80
synthetic_blobs,100000,8,Lloyd-Parallel-Pool,2,1,80
synthetic_blobs,100000,8,Lloyd-Parallel-Pool,2,2,80
synthetic_blobs,100000,8,Lloyd-Parallel-Pool,2,3,80
synthetic_blobs,100000,8,Lloyd-Parallel-Pool,2,4,80
synthetic_blobs,100000,8,Lloyd-Parallel-Pool,2,5,80
synthetic_blobs,100000,8,Lloyd-Parallel-Pool,4,1,80
synthetic_blobs,100000,8,Lloyd-Parallel-Pool,4,2,80
synthetic_blobs,100000,8,Lloyd-Parallel-Pool,4,3,80
synthetic_blobs,100000,8,Lloyd-Parallel-Pool,4,4,80
synthetic_blobs,100000,8,Lloyd-Parallel-Pool,4,5,80
synthetic_blobs,100000,8,Lloyd-Parallel-Pool,8,1,80
synthetic_blobs,100000,8,Lloyd-Parallel-Pool,8,2,80
synthetic_blobs,100000,8,Lloyd-Parallel-Pool,8,3,80
synthetic_blobs,100000,8,Lloyd-Parallel-Pool,8,4,80
synthetic_blobs,100000,8,Lloyd-Parallel-Pool,8,5,80
synthetic_blobs,100000,16,Lloyd-Sequential,1,1,100
synthetic_blobs,100000,16,Lloyd-Sequential,1,2,100
synthetic_blobs,100000,16,Lloyd-Sequential,1,3,100
synthetic_blobs,100000,16,Lloyd-Sequential,1,4,100
synthetic_blobs,100000,16,Lloyd-Sequential,1,5,100
synthetic_blobs,100000,16,Lloyd-Parallel-Pool,1,1,100
synthetic_blobs,100000,16,Lloyd-Parallel-Pool,1,2,100
synthetic_blobs,100000,16,Lloyd-Parallel-Pool,1,3,100
synthetic_blobs,100000,16,Lloyd-Parallel-Pool,1,4,100
synthetic_blobs,100000,16,Lloyd-Parallel-Pool,1,5,100
synthetic_blobs,100000,16,Lloyd-Parallel-Pool,2,1,100
synthetic_blobs,100000,16,Lloyd-Parallel-Pool,2,2,100
synthetic_blobs,100000,16,Lloyd-Parallel-Pool,2,3,100
synthetic_blobs,100000,16,Lloyd-Parallel-Pool,2,4,100
synthetic_blobs,100000,16,Lloyd-Parallel-Pool,2,5,100
synthetic_blobs,100000,16,Lloyd-Parallel-Pool,4,1,100
synthetic_blobs,100000,16,Lloyd-Parallel-Pool,4,2,100
synthetic_blobs,100000,16,Lloyd-Parallel-Pool,4,3,100
synthetic_blobs,100000,16,Lloyd-Parallel-Pool,4,4,100
synthetic_blobs,100000,16,Lloyd-Parallel-Pool,4,5,100
synthetic_blobs,100000,16,Lloyd-Parallel-Pool,8,1,100
synthetic_blobs,100000,16,Lloyd-Parallel-Pool,8,2,100
synthetic_blobs,100000,16,Lloyd-Parallel-Pool,8,3,100
synthetic_blobs,100000,16,Lloyd-Parallel-Pool,8,4,100
synthetic_blobs,100000,16,Lloyd-Parallel-Pool,8,5,100
synthetic_blobs,100000,64,Lloyd-Sequential,1,1,100
synthetic_blobs,100000,64,Lloyd-Sequential,1,2,100
synthetic_blobs,100000,64,Lloyd-Sequential,1,3,100
synthetic_blobs,100000,64,Lloyd-Sequential,1,4,100
synthetic_blobs,100000,64,Lloyd-Sequential,1,5,100
synthetic_blobs,100000,64,Lloyd-Parallel-Pool,1,1,100
synthetic_blobs,100000,64,Lloyd-Parallel-Pool,1,2,100
synthetic_blobs,100000,64,Lloyd-Parallel-Pool,1,3,100
synthetic_blobs,100000,64,Lloyd-Parallel-Pool,1,4,100
synthetic_blobs,100000,64,Lloyd-Parallel-Pool,1,5,100
synthetic_blobs,100000,64,Lloyd-Parallel-Pool,2,1,100
synthetic_blobs,100000,64,Lloyd-Parallel-Pool,2,2,100
synthetic_blobs,100000,64,Lloyd-Parallel-Pool,2,3,100
synthetic_blobs,100000,64,Lloyd-Parallel-Pool,2,4,100
synthetic_blobs,100000,64,Lloyd-Parallel-Pool,2,5,100
synthetic_blobs,100000,64,Lloyd-Parallel-Pool,4,1,100
synthetic_blobs,100000,64,Lloyd-Parallel-Pool,4,2,100
synthetic_blobs,100000,64,Lloyd-Parallel-Pool,4,3,100
synthetic_blobs,100000,64,Lloyd-Parallel-Pool,4,4,100
synthetic_blobs,100000,64,Lloyd-Parallel-Pool,4,5,100
synthetic_blobs,100000,64,Lloyd-Parallel-Pool,8,1,100
synthetic_blobs,100000,64,Lloyd-Parallel-Pool,8,2,100
synthetic_blobs,100000,64,Lloyd-Parallel-Pool,8,3,100
synthetic_blobs,100000,64,Lloyd-Parallel-Pool,8,4,100
synthetic_blobs,100000,64,Lloyd-Parallel-Pool,8,5,100
synthetic_blobs,500000,8,Lloyd-Sequential,1,1,4
synthetic_blobs,500000,8,Lloyd-Sequential,1,2,4
synthetic_blobs,500000,8,Lloyd-Sequential,1,3,4
synthetic_blobs,500000,8,Lloyd-Sequential,1,4,4
synthetic_blobs,500000,8,Lloyd-Sequential,1,5,4
synthetic_blobs,500000,8,Lloyd-Parallel-Pool,1,1,4
synthetic_blobs,500000,8,Lloyd-Parallel-Pool,1,2,4
synthetic_blobs,500000,8,Lloyd-Parallel-Pool,1,3,4
synthetic_blobs,500000,8,Lloyd-Parallel-Pool,1,4,4
synthetic_blobs,500000,8,Lloyd-Parallel-Pool,1,5,4
synthetic_blobs,500000,8,Lloyd-Parallel-Pool,2,1,4
synthetic_blobs,500000,8,Lloyd-Parallel-Pool,2,2,4
synthetic_blobs,500000,8,Lloyd-Parallel-Pool,2,3,4
synthetic_blobs,500000,8,Lloyd-Parallel-Pool,2,4,4
synthetic_blobs,500000,8,Lloyd-Parallel-Pool,2,5,4
synthetic_blobs,500000,8,Lloyd-Parallel-Pool,4,1,4
synthetic_blobs,500000,8,Lloyd-Parallel-Pool,4,2,4
synthetic_blobs,500000,8,Lloyd-Parallel-Pool,4,3,4
synthetic_blobs,500000,8,Lloyd-Parallel-Pool,4,4,4
synthetic_blobs,500000,8,Lloyd-Parallel-Pool,4,5,4
synthetic_blobs,500000,8,Lloyd-Parallel-Pool,8,1,4
synthetic_blobs,500000,8,Lloyd-Parallel-Pool,8,2,4
synthetic_blobs,500000,8,Lloyd-Parallel-Pool,8,3,4
synthetic_blobs,500000,8,Lloyd-Parallel-Pool,8,4,4
synthetic_blobs,500000,8,Lloyd-Parallel-Pool,8,5,4
synthetic_blobs,500000,16,Lloyd-Sequential,1,1,100
synthetic_blobs,500000,16,Lloyd-Sequential,1,2,100
synthetic_blobs,500000,16,Lloyd-Sequential,1,3,100
synthetic_blobs,500000,16,Lloyd-Sequential,1,4,100
synthetic_blobs,500000,16,Lloyd-Sequential,1,5,100
synthetic_blobs,500000,16,Lloyd-Parallel-Pool,1,1,100
synthetic_blobs,500000,16,Lloyd-Parallel-Pool,1,2,100
synthetic_blobs,500000,16,Lloyd-Parallel-Pool,1,3,100
synthetic_blobs,500000,16,Lloyd-Parallel-Pool,1,4,100
synthetic_blobs,500000,16,Lloyd-Parallel-Pool,1,5,100
synthetic_blobs,500000,16,Lloyd-Parallel-Pool,2,1,100
synthetic_blobs,500000,16,Lloyd-Parallel-Pool,2,2,100
synthetic_blobs,500000,16,Lloyd-Parallel-Pool,2,3,100
synthetic_blobs,500000,16,Lloyd-Parallel-Pool,2,4,100
synthetic_blobs,500000,16,Lloyd-Parallel-Pool,2,5,100
synthetic_blobs,500000,16,Lloyd-Parallel-Pool,4,1,100
synthetic_blobs,500000,16,Lloyd-Parallel-Pool,4,2,100
synthetic_blobs,500000,16,Lloyd-Parallel-Pool,4,3,100
synthetic_blobs,500000,16,Lloyd-Parallel-Pool,4,4,100
synthetic_blobs,500000,16,Lloyd-Parallel-Pool,4,5,100
synthetic_blobs,500000,16,Lloyd-Parallel-Pool,8,1,100
synthetic_blobs,500000,16,Lloyd-Parallel-Pool,8,2,100
synthetic_blobs,500000,16,Lloyd-Parallel-Pool,8,3,100
synthetic_blobs,500000,16,Lloyd-Parallel-Pool,8,4,100
synthetic_blobs,500000,16,Lloyd-Parallel-Pool,8,5,100
synthetic_blobs,500000,64,Lloyd-Sequential,1,1,100
synthetic_blobs,500000,64,Lloyd-Sequential,1,2,100
synthetic_blobs,500000,64,Lloyd-Sequential,1,3,100
synthetic_blobs,500000,64,Lloyd-Sequential,1,4,100
synthetic_blobs,500000,64,Lloyd-Sequential,1,5,100
synthetic_blobs,500000,64,Lloyd-Parallel-Pool,1,1,100
synthetic_blobs,500000,64,Lloyd-Parallel-Pool,1,2,100
synthetic_blobs,500000,64,Lloyd-Parallel-Pool,1,3,100
synthetic_blobs,500000,64,Lloyd-Parallel-Pool,1,4,100
synthetic_blobs,500000,64,Lloyd-Parallel-Pool,1,5,100
synthetic_blobs,500000,64,Lloyd-Parallel-Pool,2,1,100
synthetic_blobs,500000,64,Lloyd-Parallel-Pool,2,2,100
synthetic_blobs,500000,64,Lloyd-Parallel-Pool,2,3,100
synthetic_blobs,500000,64,Lloyd-Parallel-Pool,2,4,100
synthetic_blobs,500000,64,Lloyd-Parallel-Pool,2,5,100
synthetic_blobs,500000,64,Lloyd-Parallel-Pool,4,1,100
synthetic_blobs,500000,64,Lloyd-Parallel-Pool,4,2,100
synthetic_blobs,500000,64,Lloyd-Parallel-Pool,4,3,100
synthetic_blobs,500000,64,Lloyd-Parallel-Pool,4,4,100
synthetic_blobs,500000,64,Lloyd-Parallel-Pool,4,5,100
synthetic_blobs,500000,64,Lloyd-Parallel-Pool,8,1,100
synthetic_blobs,500000,64,Lloyd-Parallel-Pool,8,2,100
synthetic_blobs,500000,64,Lloyd-Parallel-Pool,8,3,100
synthetic_blobs,500000,64,Lloyd-Parallel-Pool,8,4,100
synthetic_blobs,500000,64,Lloyd-Parallel-Pool,8,5,100
synthetic_blobs,2000000,8,Lloyd-Sequential,1,1,100
synthetic_blobs,2000000,8,Lloyd-Sequential,1,2,100
synthetic_blobs,2000000,8,Lloyd-Sequential,1,3,100
synthetic_blobs,2000000,8,Lloyd-Sequential,1,4,100
synthetic_blobs,2000000,8,Lloyd-Sequential,1,5,100
synthetic_blobs,2000000,8,Lloyd-Parallel-Pool,1,1,100
synthetic_blobs,2000000,8,Lloyd-Parallel-Pool,1,2,100
synthetic_blobs,2000000,8,Lloyd-Parallel-Pool,1,3,100
synthetic_blobs,2000000,8,Lloyd-Parallel-Pool,1,4,100
synthetic_blobs,2000000,8,Lloyd-Parallel-Pool,1,5,100
synthetic_blobs,2000000,8,Lloyd-Parallel-Pool,2,1,100
synthetic_blobs,2000000,8,Lloyd-Parallel-Pool,2,2,100
synthetic_blobs,2000000,8,Lloyd-Parallel-Pool,2,3,100
synthetic_blobs,2000000,8,Lloyd-Parallel-Pool,2,4,100
synthetic_blobs,2000000,8,Lloyd-Parallel-Pool,2,5,100
synthetic_blobs,2000000,8,Lloyd-Parallel-Pool,4,1,100
synthetic_blobs,2000000,8,Lloyd-Parallel-Pool,4,2,100
synthetic_blobs,2000000,8,Lloyd-Parallel-Pool,4,3,100
synthetic_blobs,2000000,8,Lloyd-Parallel-Pool,4,4,100
synthetic_blobs,2000000,8,Lloyd-Parallel-Pool,4,5,100
synthetic_blobs,2000000,8,Lloyd-Parallel-Pool,8,1,100
synthetic_blobs,2000000,8,Lloyd-Parallel-Pool,8,2,100
synthetic_blobs,2000000,8,Lloyd-Parallel-Pool,8,3,100
synthetic_blobs,2000000,8,Lloyd-Parallel-Pool,8,4,100
synthetic_blobs,2000000,8,Lloyd-Parallel-Pool,8,5,100
synthetic_blobs,2000000,16,Lloyd-Sequential,1,1,100
synthetic_blobs,2000000,16,Lloyd-Sequential,1,2,100
synthetic_blobs,2000000,16,Lloyd-Sequential,1,3,100
synthetic_blobs,2000000,16,Lloyd-Sequential,1,4,100
synthetic_blobs,2000000,16,Lloyd-Sequential,1,5,100
synthetic_blobs,2000000,16,Lloyd-Parallel-Pool,1,1,100
synthetic_blobs,2000000,16,Lloyd-Parallel-Pool,1,2,100
synthetic_blobs,2000000,16,Lloyd-Parallel-Pool,1,3,100
synthetic_blobs,2000000,16,Lloyd-Parallel-Pool,1,4,100
synthetic_blobs,2000000,16,Lloyd-Parallel-Pool,1,5,100
synthetic_blobs,2000000,16,Lloyd-Parallel-Pool,2,1,100
synthetic_blobs,2000000,16,Lloyd-Parallel-Pool,2,2,100
synthetic_blobs,2000000,16,Lloyd-Parallel-Pool,2,3,100
synthetic_blobs,2000000,16,Lloyd-Parallel-Pool,2,4,100
synthetic_blobs,2000000,16,Lloyd-Parallel-Pool,2,5,100
synthetic_blobs,2000000,16,Lloyd-Parallel-Pool,4,1,100
synthetic_blobs,2000000,16,Lloyd-Parallel-Pool,4,2,100
synthetic_blobs,2000000,16,Lloyd-Parallel-Pool,4,3,100
synthetic_blobs,2000000,16,Lloyd-Parallel-Pool,4,4,100
synthetic_blobs,2000000,16,Lloyd-Parallel-Pool,4,5,100
synthetic_blobs,2000000,16,Lloyd-Parallel-Pool,8,1,100
synthetic_blobs,2000000,16,Lloyd-Parallel-Pool,8,2,100
synthetic_blobs,2000000,16,Lloyd-Parallel-Pool,8,3,100
synthetic_blobs,2000000,16,Lloyd-Parallel-Pool,8,4,100
synthetic_blobs,2000000,16,Lloyd-Parallel-Pool,8,5,100
synthetic_blobs,2000000,64,Lloyd-Sequential,1,1,100
synthetic_blobs,2000000,64,Lloyd-Sequential,1,2,100
synthetic_blobs,2000000,64,Lloyd-Sequential,1,3,100
synthetic_blobs,2000000,64,Lloyd-Sequential,1,4,100
synthetic_blobs,2000000,64,Lloyd-Sequential,1,5,100
synthetic_blobs,2000000,64,Lloyd-Parallel-Pool,1,1,100
synthetic_blobs,2000000,64,Lloyd-Parallel-Pool,1,2,100
synthetic_blobs,2000000,64,Lloyd-Parallel-Pool,1,3,100
synthetic_blobs,2000000,64,Lloyd-Parallel-Pool,1,4,100
synthetic_blobs,2000000,64,Lloyd-Parallel-Pool,1,5,100
synthetic_blobs,2000000,64,Lloyd-Parallel-Pool,2,1,100
synthetic_blobs,2000000,64,Lloyd-Parallel-Pool,2,2,100
synthetic_blobs,2000000,64,Lloyd-Parallel-Pool,2,3,100
synthetic_blobs,2000000,64,Lloyd-Parallel-Pool,2,4,100
synthetic_blobs,2000000,64,Lloyd-Parallel-Pool,2,5,100
synthetic_blobs,2000000,64,Lloyd-Parallel-Pool,4,1,100
synthetic_blobs,2000000,64,Lloyd-Parallel-Pool,4,2,100
synthetic_blobs,2000000,64,Lloyd-Parallel-Pool,4,3,100
synthetic_blobs,2000000,64,Lloyd-Parallel-Pool,4,4,100
synthetic_blobs,2000000,64,Lloyd-Parallel-Pool,4,5,100
synthetic_blobs,2000000,64,Lloyd-Parallel-Pool,8,1,100
synthetic_blobs,2000000,64,Lloyd-Parallel-Pool,8,2,100
synthetic_blobs,2000000,64,Lloyd-Parallel-Pool,8,3,100
synthetic_blobs,2000000,64,Lloyd-Parallel-Pool,8,4,100
synthetic_blobs,2000000,64,Lloyd-Parallel-Pool,8,5,100
mnist,70000,8,Lloyd-Sequential,1,1,47
mnist,70000,8,Lloyd-Sequential,1,2,47
mnist,70000,8,Lloyd-Sequential,1,3,47
mnist,70000,8,Lloyd-Sequential,1,4,47
mnist,70000,8,Lloyd-Sequential,1,5,47
mnist,70000,8,Lloyd-Parallel-Pool,1,1,47
mnist,70000,8,Lloyd-Parallel-Pool,1,2,47
mnist,70000,8,Lloyd-Parallel-Pool,1,3,47
mnist,70000,8,Lloyd-Parallel-Pool,1,4,47
mnist,70000,8,Lloyd-Parallel-Pool,1,5,47
mnist,70000,8,Lloyd-Parallel-Pool,2,1,47
mnist,70000,8,Lloyd-Parallel-Pool,2,2,47
mnist,70000,8,Lloyd-Parallel-Pool,2,3,47
mnist,70000,8,Lloyd-Parallel-Pool,2,4,47
mnist,70000,8,Lloyd-Parallel-Pool,2,5,47
mnist,70000,8,Lloyd-Parallel-Pool,4,1,47
mnist,70000,8,Lloyd-Parallel-Pool,4,2,47
mnist,70000,8,Lloyd-Parallel-Pool,4,3,47
mnist,70000,8,Lloyd-Parallel-Pool,4,4,47
mnist,70000,8,Lloyd-Parallel-Pool,4,5,47
mnist,70000,8,Lloyd-Parallel-Pool,8,1,47
mnist,70000,8,Lloyd-Parallel-Pool,8,2,47
mnist,70000,8,Lloyd-Parallel-Pool,8,3,47
mnist,70000,8,Lloyd-Parallel-Pool,8,4,47
mnist,70000,8,Lloyd-Parallel-Pool,8,5,47
mnist,70000,16,Lloyd-Sequential,1,1,100
mnist,70000,16,Lloyd-Sequential,1,2,100
mnist,70000,16,Lloyd-Sequential,1,3,100
mnist,70000,16,Lloyd-Sequential,1,4,100
mnist,70000,16,Lloyd-Sequential,1,5,100
mnist,70000,16,Lloyd-Parallel-Pool,1,1,100
mnist,70000,16,Lloyd-Parallel-Pool,1,2,100
mnist,70000,16,Lloyd-Parallel-Pool,1,3,100
mnist,70000,16,Lloyd-Parallel-Pool,1,4,100
mnist,70000,16,Lloyd-Parallel-Pool,1,5,100
mnist,70000,16,Lloyd-Parallel-Pool,2,1,100
mnist,70000,16,Lloyd-Parallel-Pool,2,2,100
mnist,70000,16,Lloyd-Parallel-Pool,2,3,100
mnist,70000,16,Lloyd-Parallel-Pool,2,4,100
mnist,70000,16,Lloyd-Parallel-Pool,2,5,100
mnist,70000,16,Lloyd-Parallel-Pool,4,1,100
mnist,70000,16,Lloyd-Parallel-Pool,4,2,100
mnist,70000,16,Lloyd-Parallel-Pool,4,3,100
mnist,70000,16,Lloyd-Parallel-Pool,4,4,100
mnist,70000,16,Lloyd-Parallel-Pool,4,5,100
mnist,70000,16,Lloyd-Parallel-Pool,8,1,100
mnist,70000,16,Lloyd-Parallel-Pool,8,2,100
mnist,70000,16,Lloyd-Parallel-Pool,8,3,100
mnist,70000,16,Lloyd-Parallel-Pool,8,4,100
mnist,70000,16,Lloyd-Parallel-Pool,8,5,100
mnist,70000,64,Lloyd-Sequential,1,1,100
mnist,70000,64,Lloyd-Sequential,1,2,100
mnist,70000,64,Lloyd-Sequential,1,3,100
mnist,70000,64,Lloyd-Sequential,1,4,100
mnist,70000,64,Lloyd-Sequential,1,5,100
mnist,70000,64,Lloyd-Parallel-Pool,1,1,100
mnist,70000,64,Lloyd-Parallel-Pool,1,2,100
mnist,70000,64,Lloyd-Parallel-Pool,1,3,100
mnist,70000,64,Lloyd-Parallel-Pool,1,4,100
mnist,70000,64,Lloyd-Parallel-Pool,1,5,100
mnist,70000,64,Lloyd-Parallel-Pool,2,1,100
mnist,70000,64,Lloyd-Parallel-Pool,2,2,100
mnist,70000,64,Lloyd-Parallel-Pool,2,3,100
mnist,70000,64,Lloyd-Parallel-Pool,2,4,100
mnist,70000,64,Lloyd-Parallel-Pool,2,5,100
mnist,70000,64,Lloyd-Parallel-Pool,4,1,100
mnist,70000,64,Lloyd-Parallel-Pool,4,2,100
mnist,70000,64,Lloyd-Parallel-Pool,4,3,100
mnist,70000,64,Lloyd-Parallel-Pool,4,4,100
mnist,70000,64,Lloyd-Parallel-Pool,4,5,100
mnist,70000,64,Lloyd-Parallel-Pool,8,1,100
mnist,70000,64,Lloyd-Parallel-Pool,8,2,100
mnist,70000,64,Lloyd-Parallel-Pool,8,3,100
mnist,70000,64,Lloyd-Parallel-Pool,8,4,100
mnist,70000,64,Lloyd-Parallel-Pool,8,5,100
