Student_ID,Batch_ID,Workload,Dataset,Problem_Size,Algorithm,Parallel_Model,Hardware,Resource_Count,Threads,Execution_Time,Speedup,Efficiency,Communication_Time,Synchronization_Time,Scheduling_Time,Memory_Use,Energy_if_available,Run_ID
23BCE0856,CS10,kmeans_k8,synthetic_blobs,100000,Lloyd-Sequential,None,Apple M2,1,1,1.116491708002286,,,0.0,0.0,0.0,21.53125,,1
23BCE0856,CS10,kmeans_k8,synthetic_blobs,100000,Lloyd-Sequential,None,Apple M2,1,1,1.0488687090000894,,,0.0,0.0,0.0,21.546875,,2
23BCE0856,CS10,kmeans_k8,synthetic_blobs,100000,Lloyd-Sequential,None,Apple M2,1,1,1.0551182500021241,,,0.0,0.0,0.0,22.375,,3
23BCE0856,CS10,kmeans_k8,synthetic_blobs,100000,Lloyd-Sequential,None,Apple M2,1,1,1.035646958000143,,,0.0,0.0,0.0,22.390625,,4
23BCE0856,CS10,kmeans_k8,synthetic_blobs,100000,Lloyd-Sequential,None,Apple M2,1,1,1.043437249998533,,,0.0,0.0,0.0,22.4375,,5
23BCE0856,CS10,kmeans_k8,synthetic_blobs,100000,Lloyd-Parallel-Pool,multiprocessing.Pool+shared_memory,Apple M2,1,1,1.1001514160016086,,,0.03553099401324289,0.0029782120036543347,0.08864233799249632,162.25,,1
23BCE0856,CS10,kmeans_k8,synthetic_blobs,100000,Lloyd-Parallel-Pool,multiprocessing.Pool+shared_memory,Apple M2,1,1,1.1563320409986773,,,0.028136993973021163,0.0029906680101703387,0.11873312900934252,164.0625,,2
23BCE0856,CS10,kmeans_k8,synthetic_blobs,100000,Lloyd-Parallel-Pool,multiprocessing.Pool+shared_memory,Apple M2,1,1,1.1024560420009948,,,0.03554596002868493,0.006441958979849005,0.08718354100710712,154.1875,,3
23BCE0856,CS10,kmeans_k8,synthetic_blobs,100000,Lloyd-Parallel-Pool,multiprocessing.Pool+shared_memory,Apple M2,1,1,1.1024044999976468,,,0.034008081991487416,0.0030502859845000785,0.08741654301411472,160.59375,,4
23BCE0856,CS10,kmeans_k8,synthetic_blobs,100000,Lloyd-Parallel-Pool,multiprocessing.Pool+shared_memory,Apple M2,1,1,1.1019305000008899,,,0.028406499011907727,0.0028795010002795607,0.08807250101745012,158.921875,,5
23BCE0856,CS10,kmeans_k8,synthetic_blobs,100000,Lloyd-Parallel-Pool,multiprocessing.Pool+shared_memory,Apple M2,2,1,0.7007794999990438,,,0.04664858302930952,0.0029767119995085523,0.09293379398877732,226.25,,1
23BCE0856,CS10,kmeans_k8,synthetic_blobs,100000,Lloyd-Parallel-Pool,multiprocessing.Pool+shared_memory,Apple M2,2,1,0.6985351250004896,,,0.04567615899213706,0.0030309980174934026,0.09253612400425482,235.8125,,2
23BCE0856,CS10,kmeans_k8,synthetic_blobs,100000,Lloyd-Parallel-Pool,multiprocessing.Pool+shared_memory,Apple M2,2,1,0.7004390840011183,,,0.04084966600566986,0.0030933320012991317,0.09279138002239051,227.96875,,3
23BCE0856,CS10,kmeans_k8,synthetic_blobs,100000,Lloyd-Parallel-Pool,multiprocessing.Pool+shared_memory,Apple M2,2,1,0.7064932079993014,,,0.043991664017084986,0.003016296002897434,0.09173628800635925,235.0,,4
23BCE0856,CS10,kmeans_k8,synthetic_blobs,100000,Lloyd-Parallel-Pool,multiprocessing.Pool+shared_memory,Apple M2,2,1,0.6943610410016845,,,0.037907368008745834,0.002946326017990941,0.08940675500343787,234.78125,,5
23BCE0856,CS10,kmeans_k8,synthetic_blobs,100000,Lloyd-Parallel-Pool,multiprocessing.Pool+shared_memory,Apple M2,4,1,0.5320627919973049,,,0.033998198985500494,0.003282381996541517,0.11093154101035907,373.609375,,1
23BCE0856,CS10,kmeans_k8,synthetic_blobs,100000,Lloyd-Parallel-Pool,multiprocessing.Pool+shared_memory,Apple M2,4,1,0.5242162909999024,,,0.03798466901935171,0.003187495985912392,0.11277696100296453,385.140625,,2
23BCE0856,CS10,kmeans_k8,synthetic_blobs,100000,Lloyd-Parallel-Pool,multiprocessing.Pool+shared_memory,Apple M2,4,1,0.5273914999997942,,,0.03559932998177828,0.0032324960120604374,0.11108474800130352,377.3125,,3
23BCE0856,CS10,kmeans_k8,synthetic_blobs,100000,Lloyd-Parallel-Pool,multiprocessing.Pool+shared_memory,Apple M2,4,1,0.5342873340014194,,,0.036205457010510145,0.006880414999614004,0.13889937099520466,387.0625,,4
23BCE0856,CS10,kmeans_k8,synthetic_blobs,100000,Lloyd-Parallel-Pool,multiprocessing.Pool+shared_memory,Apple M2,4,1,0.52564225000242,,,0.038350164013536414,0.003398706001462415,0.1114906240181881,399.328125,,5
23BCE0856,CS10,kmeans_k8,synthetic_blobs,100000,Lloyd-Parallel-Pool,multiprocessing.Pool+shared_memory,Apple M2,8,1,0.5388110409985529,,,0.04685120500289486,0.0033384590133209713,0.15177945601317333,714.375,,1
23BCE0856,CS10,kmeans_k8,synthetic_blobs,100000,Lloyd-Parallel-Pool,multiprocessing.Pool+shared_memory,Apple M2,8,1,0.5367849169997498,,,0.047836407989962026,0.0033958729982259683,0.14979849799419753,704.640625,,2
23BCE0856,CS10,kmeans_k8,synthetic_blobs,100000,Lloyd-Parallel-Pool,multiprocessing.Pool+shared_memory,Apple M2,8,1,0.5236088749988994,,,0.05466304001674871,0.003602623037295416,0.15982195599281113,714.3125,,3
23BCE0856,CS10,kmeans_k8,synthetic_blobs,100000,Lloyd-Parallel-Pool,multiprocessing.Pool+shared_memory,Apple M2,8,1,0.534282250002434,,,0.046633129994006595,0.0034369560198683757,0.1467822089944093,719.96875,,4
23BCE0856,CS10,kmeans_k8,synthetic_blobs,100000,Lloyd-Parallel-Pool,multiprocessing.Pool+shared_memory,Apple M2,8,1,0.536416625000129,,,0.04863195699363132,0.0035445010107650887,0.15323657599583385,713.671875,,5
23BCE0856,CS10,kmeans_k16,synthetic_blobs,100000,Lloyd-Sequential,None,Apple M2,1,1,1.2337289580027573,,,0.0,0.0,0.0,50.328125,,1
23BCE0856,CS10,kmeans_k16,synthetic_blobs,100000,Lloyd-Sequential,None,Apple M2,1,1,1.230410625001241,,,0.0,0.0,0.0,49.59375,,2
23BCE0856,CS10,kmeans_k16,synthetic_blobs,100000,Lloyd-Sequential,None,Apple M2,1,1,1.2317540000003646,,,0.0,0.0,0.0,49.59375,,3
23BCE0856,CS10,kmeans_k16,synthetic_blobs,100000,Lloyd-Sequential,None,Apple M2,1,1,1.2274879590004275,,,0.0,0.0,0.0,49.5625,,4
23BCE0856,CS10,kmeans_k16,synthetic_blobs,100000,Lloyd-Sequential,None,Apple M2,1,1,1.3865679579976131,,,0.0,0.0,0.0,50.390625,,5
23BCE0856,CS10,kmeans_k16,synthetic_blobs,100000,Lloyd-Parallel-Pool,multiprocessing.Pool+shared_memory,Apple M2,1,1,1.3281722089996038,,,0.0383187049847038,0.004282919027900789,0.10743258599177352,205.640625,,1
23BCE0856,CS10,kmeans_k16,synthetic_blobs,100000,Lloyd-Parallel-Pool,multiprocessing.Pool+shared_memory,Apple M2,1,1,1.3364031250021071,,,0.03977837503043702,0.004396003030706197,0.08858958500786684,206.984375,,2
23BCE0856,CS10,kmeans_k16,synthetic_blobs,100000,Lloyd-Parallel-Pool,multiprocessing.Pool+shared_memory,Apple M2,1,1,1.3288436670009105,,,0.038690698969730875,0.004638170012185583,0.08879596000042511,201.75,,3
23BCE0856,CS10,kmeans_k16,synthetic_blobs,100000,Lloyd-Parallel-Pool,multiprocessing.Pool+shared_memory,Apple M2,1,1,1.342006416998629,,,0.044796863021474564,0.007995408996066544,0.091628253016097,213.265625,,4
23BCE0856,CS10,kmeans_k16,synthetic_blobs,100000,Lloyd-Parallel-Pool,multiprocessing.Pool+shared_memory,Apple M2,1,1,1.3371140000017476,,,0.043631951022689464,0.004417333009769209,0.08674503799556987,210.875,,5
23BCE0856,CS10,kmeans_k16,synthetic_blobs,100000,Lloyd-Parallel-Pool,multiprocessing.Pool+shared_memory,Apple M2,2,1,0.8588007500002277,,,0.06781374699130538,0.0044624200054386165,0.09281570298844599,276.40625,,1
23BCE0856,CS10,kmeans_k16,synthetic_blobs,100000,Lloyd-Parallel-Pool,multiprocessing.Pool+shared_memory,Apple M2,2,1,0.8712207919998036,,,0.04916394995962037,0.00495271100953687,0.11170208500334411,275.671875,,2
23BCE0856,CS10,kmeans_k16,synthetic_blobs,100000,Lloyd-Parallel-Pool,multiprocessing.Pool+shared_memory,Apple M2,2,1,0.8634547090005071,,,0.055428453008062206,0.004674210984376259,0.09077170601085527,275.609375,,3
23BCE0856,CS10,kmeans_k16,synthetic_blobs,100000,Lloyd-Parallel-Pool,multiprocessing.Pool+shared_memory,Apple M2,2,1,0.8092727919975005,,,0.05274632597138407,0.004732958990643965,0.09060536599281477,271.5,,4
23BCE0856,CS10,kmeans_k16,synthetic_blobs,100000,Lloyd-Parallel-Pool,multiprocessing.Pool+shared_memory,Apple M2,2,1,0.8113283750026312,,,0.0500084190061898,0.0045082519864081405,0.0904284649877809,274.484375,,5
23BCE0856,CS10,kmeans_k16,synthetic_blobs,100000,Lloyd-Parallel-Pool,multiprocessing.Pool+shared_memory,Apple M2,4,1,0.6336480829995708,,,0.05473995100328466,0.009218838000379037,0.10602704200937296,415.796875,,1
23BCE0856,CS10,kmeans_k16,synthetic_blobs,100000,Lloyd-Parallel-Pool,multiprocessing.Pool+shared_memory,Apple M2,4,1,0.634211000000505,,,0.05438534004497342,0.009144371993897948,0.10576633101300104,460.40625,,2
23BCE0856,CS10,kmeans_k16,synthetic_blobs,100000,Lloyd-Parallel-Pool,multiprocessing.Pool+shared_memory,Apple M2,4,1,0.6511973750020843,,,0.04389595799148083,0.009627750991057837,0.09458683599950746,452.1875,,3
23BCE0856,CS10,kmeans_k16,synthetic_blobs,100000,Lloyd-Parallel-Pool,multiprocessing.Pool+shared_memory,Apple M2,4,1,0.7120557500020368,,,0.05782324999017874,0.013752496972301742,0.10733337999408832,473.171875,,4
23BCE0856,CS10,kmeans_k16,synthetic_blobs,100000,Lloyd-Parallel-Pool,multiprocessing.Pool+shared_memory,Apple M2,4,1,0.7037342920011724,,,0.068281780986581,0.00575212301191641,0.10642516900406918,480.203125,,5
23BCE0856,CS10,kmeans_k16,synthetic_blobs,100000,Lloyd-Parallel-Pool,multiprocessing.Pool+shared_memory,Apple M2,8,1,0.641206542000873,,,0.05596429696015548,0.006416414991690544,0.17166279998491518,779.03125,,1
23BCE0856,CS10,kmeans_k16,synthetic_blobs,100000,Lloyd-Parallel-Pool,multiprocessing.Pool+shared_memory,Apple M2,8,1,0.6529230830019515,,,0.059570583023742074,0.01050596400455106,0.1542365890018118,751.0625,,2
23BCE0856,CS10,kmeans_k16,synthetic_blobs,100000,Lloyd-Parallel-Pool,multiprocessing.Pool+shared_memory,Apple M2,8,1,0.649626457998238,,,0.06578521197661757,0.006566009989910526,0.15029950100142742,782.75,,3
23BCE0856,CS10,kmeans_k16,synthetic_blobs,100000,Lloyd-Parallel-Pool,multiprocessing.Pool+shared_memory,Apple M2,8,1,0.6380532919974939,,,0.06059666400324204,0.01024129597863066,0.16260850502294488,771.671875,,4
23BCE0856,CS10,kmeans_k16,synthetic_blobs,100000,Lloyd-Parallel-Pool,multiprocessing.Pool+shared_memory,Apple M2,8,1,0.6521682499987946,,,0.06194741597209941,0.0066267969996260945,0.15789136700186646,777.78125,,5
23BCE0856,CS10,kmeans_k64,synthetic_blobs,100000,Lloyd-Sequential,None,Apple M2,1,1,2.0025027499978023,,,0.0,0.0,0.0,44.984375,,1
23BCE0856,CS10,kmeans_k64,synthetic_blobs,100000,Lloyd-Sequential,None,Apple M2,1,1,1.9936080419975042,,,0.0,0.0,0.0,44.65625,,2
23BCE0856,CS10,kmeans_k64,synthetic_blobs,100000,Lloyd-Sequential,None,Apple M2,1,1,1.9251923330011778,,,0.0,0.0,0.0,44.0,,3
23BCE0856,CS10,kmeans_k64,synthetic_blobs,100000,Lloyd-Sequential,None,Apple M2,1,1,1.9269708749998244,,,0.0,0.0,0.0,43.859375,,4
23BCE0856,CS10,kmeans_k64,synthetic_blobs,100000,Lloyd-Sequential,None,Apple M2,1,1,1.920168915999966,,,0.0,0.0,0.0,43.859375,,5
23BCE0856,CS10,kmeans_k64,synthetic_blobs,100000,Lloyd-Parallel-Pool,multiprocessing.Pool+shared_memory,Apple M2,1,1,1.9664463749977585,,,0.06865324301179498,0.006982254984905012,0.08605891600018367,183.59375,,1
23BCE0856,CS10,kmeans_k64,synthetic_blobs,100000,Lloyd-Parallel-Pool,multiprocessing.Pool+shared_memory,Apple M2,1,1,2.007562124999822,,,0.05975904400838772,0.016948875003436115,0.08864237499437877,185.734375,,2
23BCE0856,CS10,kmeans_k64,synthetic_blobs,100000,Lloyd-Parallel-Pool,multiprocessing.Pool+shared_memory,Apple M2,1,1,2.0270088329998543,,,0.07356553602221538,0.01384765900002094,0.08793154201703146,184.4375,,3
23BCE0856,CS10,kmeans_k64,synthetic_blobs,100000,Lloyd-Parallel-Pool,multiprocessing.Pool+shared_memory,Apple M2,1,1,2.0087350829999195,,,0.05458753800485283,0.006657995025307173,0.08581849897745997,184.84375,,4
23BCE0856,CS10,kmeans_k64,synthetic_blobs,100000,Lloyd-Parallel-Pool,multiprocessing.Pool+shared_memory,Apple M2,1,1,1.9693916249998438,,,0.06211887399695115,0.016656956016959157,0.08736037499693339,185.125,,5
23BCE0856,CS10,kmeans_k64,synthetic_blobs,100000,Lloyd-Parallel-Pool,multiprocessing.Pool+shared_memory,Apple M2,2,1,1.2188294170009613,,,0.039450079053494846,0.01413008300733054,0.09296450499459752,245.203125,,1
23BCE0856,CS10,kmeans_k64,synthetic_blobs,100000,Lloyd-Parallel-Pool,multiprocessing.Pool+shared_memory,Apple M2,2,1,1.2226456669995969,,,0.043123704024765175,0.007450248005625326,0.09009341398632387,245.40625,,2
23BCE0856,CS10,kmeans_k64,synthetic_blobs,100000,Lloyd-Parallel-Pool,multiprocessing.Pool+shared_memory,Apple M2,2,1,1.2173917079999228,,,0.043189293988689315,0.007553839994216105,0.09070949799206574,245.375,,3
23BCE0856,CS10,kmeans_k64,synthetic_blobs,100000,Lloyd-Parallel-Pool,multiprocessing.Pool+shared_memory,Apple M2,2,1,1.2168362500015064,,,0.05513367003004532,0.007668338985240553,0.09242554700540495,246.515625,,4
23BCE0856,CS10,kmeans_k64,synthetic_blobs,100000,Lloyd-Parallel-Pool,multiprocessing.Pool+shared_memory,Apple M2,2,1,1.21148095800163,,,0.04154799697062117,0.01389362398913363,0.09305854201375041,244.359375,,5
23BCE0856,CS10,kmeans_k64,synthetic_blobs,100000,Lloyd-Parallel-Pool,multiprocessing.Pool+shared_memory,Apple M2,4,1,0.9171183750004275,,,0.07718324297093204,0.015496868963964516,0.09397725301823812,703.09375,,1
23BCE0856,CS10,kmeans_k64,synthetic_blobs,100000,Lloyd-Parallel-Pool,multiprocessing.Pool+shared_memory,Apple M2,4,1,0.9213315410015639,,,0.0752100409954437,0.01230974999270984,0.09422212599019986,727.5,,2
23BCE0856,CS10,kmeans_k64,synthetic_blobs,100000,Lloyd-Parallel-Pool,multiprocessing.Pool+shared_memory,Apple M2,4,1,0.9737553340019076,,,0.07409349700901657,0.011998079022305319,0.10961462198974914,729.296875,,3
23BCE0856,CS10,kmeans_k64,synthetic_blobs,100000,Lloyd-Parallel-Pool,multiprocessing.Pool+shared_memory,Apple M2,4,1,0.985959958001331,,,0.07916974498948548,0.011779959004343254,0.14214120699034538,702.671875,,4
23BCE0856,CS10,kmeans_k64,synthetic_blobs,100000,Lloyd-Parallel-Pool,multiprocessing.Pool+shared_memory,Apple M2,4,1,0.9727172079983575,,,0.07313545199940563,0.015278627975931158,0.10809245898781228,683.0,,5
23BCE0856,CS10,kmeans_k64,synthetic_blobs,100000,Lloyd-Parallel-Pool,multiprocessing.Pool+shared_memory,Apple M2,8,1,0.9387803749996237,,,0.08701369602931663,0.01374904298063484,0.15428067098400788,1256.875,,1
23BCE0856,CS10,kmeans_k64,synthetic_blobs,100000,Lloyd-Parallel-Pool,multiprocessing.Pool+shared_memory,Apple M2,8,1,0.9373772079998162,,,0.08451516501008882,0.01082337699335767,0.15214796002328512,1248.328125,,2
23BCE0856,CS10,kmeans_k64,synthetic_blobs,100000,Lloyd-Parallel-Pool,multiprocessing.Pool+shared_memory,Apple M2,8,1,0.9485869999989518,,,0.09095170001455699,0.014554084998962935,0.1551443329808535,1239.296875,,3
23BCE0856,CS10,kmeans_k64,synthetic_blobs,100000,Lloyd-Parallel-Pool,multiprocessing.Pool+shared_memory,Apple M2,8,1,0.9416037919982045,,,0.08085095098431339,0.01425499101242167,0.15522212798532564,1242.890625,,4
23BCE0856,CS10,kmeans_k64,synthetic_blobs,100000,Lloyd-Parallel-Pool,multiprocessing.Pool+shared_memory,Apple M2,8,1,0.9375358340003004,,,0.0875364509956853,0.01072737902359222,0.14501362001828966,1254.359375,,5
23BCE0856,CS10,kmeans_k8,synthetic_blobs,500000,Lloyd-Sequential,None,Apple M2,1,1,0.35380629199789837,,,0.0,0.0,0.0,34.5,,1
23BCE0856,CS10,kmeans_k8,synthetic_blobs,500000,Lloyd-Sequential,None,Apple M2,1,1,0.3525681249993795,,,0.0,0.0,0.0,33.984375,,2
23BCE0856,CS10,kmeans_k8,synthetic_blobs,500000,Lloyd-Sequential,None,Apple M2,1,1,0.35386054199989303,,,0.0,0.0,0.0,32.59375,,3
23BCE0856,CS10,kmeans_k8,synthetic_blobs,500000,Lloyd-Sequential,None,Apple M2,1,1,0.3578583750022517,,,0.0,0.0,0.0,32.53125,,4
23BCE0856,CS10,kmeans_k8,synthetic_blobs,500000,Lloyd-Sequential,None,Apple M2,1,1,0.35818099999960396,,,0.0,0.0,0.0,32.53125,,5
23BCE0856,CS10,kmeans_k8,synthetic_blobs,500000,Lloyd-Parallel-Pool,multiprocessing.Pool+shared_memory,Apple M2,1,1,0.4751429169991752,,,0.0022534999989147764,0.00026183399313595146,0.09535254100046586,257.515625,,1
23BCE0856,CS10,kmeans_k8,synthetic_blobs,500000,Lloyd-Parallel-Pool,multiprocessing.Pool+shared_memory,Apple M2,1,1,0.4712162089999765,,,0.00348179100183188,0.00022683399947709404,0.09659537500192528,255.609375,,2
23BCE0856,CS10,kmeans_k8,synthetic_blobs,500000,Lloyd-Parallel-Pool,multiprocessing.Pool+shared_memory,Apple M2,1,1,0.46964670899978955,,,0.0030255839992605615,0.00022158300271257758,0.09711624999908963,261.265625,,3
23BCE0856,CS10,kmeans_k8,synthetic_blobs,500000,Lloyd-Parallel-Pool,multiprocessing.Pool+shared_memory,Apple M2,1,1,0.4734479159997136,,,0.0022436249928432517,0.0002295399972354062,0.09705058300096425,251.625,,4
23BCE0856,CS10,kmeans_k8,synthetic_blobs,500000,Lloyd-Parallel-Pool,multiprocessing.Pool+shared_memory,Apple M2,1,1,0.47005070799787063,,,0.004778416005137842,0.00021320700398064218,0.09690724900428904,251.578125,,5
23BCE0856,CS10,kmeans_k8,synthetic_blobs,500000,Lloyd-Parallel-Pool,multiprocessing.Pool+shared_memory,Apple M2,2,1,0.3484863330013468,,,0.0022935819979466032,0.00024262399892904796,0.09884233299817424,481.046875,,1
23BCE0856,CS10,kmeans_k8,synthetic_blobs,500000,Lloyd-Parallel-Pool,multiprocessing.Pool+shared_memory,Apple M2,2,1,0.30017612499796087,,,0.0020655830048781354,0.00022474999786936678,0.09847441499732668,457.609375,,2
23BCE0856,CS10,kmeans_k8,synthetic_blobs,500000,Lloyd-Parallel-Pool,multiprocessing.Pool+shared_memory,Apple M2,2,1,0.34641391599870985,,,0.004794999997102423,0.00025383400134160183,0.09914637500696699,485.15625,,3
23BCE0856,CS10,kmeans_k8,synthetic_blobs,500000,Lloyd-Parallel-Pool,multiprocessing.Pool+shared_memory,Apple M2,2,1,0.3511352909990819,,,0.0019437080045463517,0.0002826249983627349,0.09846933299922966,457.078125,,4
23BCE0856,CS10,kmeans_k8,synthetic_blobs,500000,Lloyd-Parallel-Pool,multiprocessing.Pool+shared_memory,Apple M2,2,1,0.3592145829970832,,,0.0021459600029629655,0.00023033499746816233,0.09871479099456337,401.0625,,5
23BCE0856,CS10,kmeans_k8,synthetic_blobs,500000,Lloyd-Parallel-Pool,multiprocessing.Pool+shared_memory,Apple M2,4,1,0.29943495800034725,,,0.005269916997349355,0.0002683750062715262,0.09833012600574875,588.9375,,1
23BCE0856,CS10,kmeans_k8,synthetic_blobs,500000,Lloyd-Parallel-Pool,multiprocessing.Pool+shared_memory,Apple M2,4,1,0.304986082999676,,,0.0017980820011871401,0.0002768740050669294,0.11118491699380684,725.703125,,2
23BCE0856,CS10,kmeans_k8,synthetic_blobs,500000,Lloyd-Parallel-Pool,multiprocessing.Pool+shared_memory,Apple M2,4,1,0.29673354099941207,,,0.0016965419963526074,0.00021420700068119913,0.11122766700282227,618.9375,,3
23BCE0856,CS10,kmeans_k8,synthetic_blobs,500000,Lloyd-Parallel-Pool,multiprocessing.Pool+shared_memory,Apple M2,4,1,0.30381445799866924,,,0.001777583995135501,0.0002280000007885974,0.11423500000091735,710.90625,,4
23BCE0856,CS10,kmeans_k8,synthetic_blobs,500000,Lloyd-Parallel-Pool,multiprocessing.Pool+shared_memory,Apple M2,4,1,0.30081116699875565,,,0.0035015420035051648,0.00022004200218361802,0.10121545999572845,651.4375,,5
23BCE0856,CS10,kmeans_k8,synthetic_blobs,500000,Lloyd-Parallel-Pool,multiprocessing.Pool+shared_memory,Apple M2,8,1,0.37339520800014725,,,0.002182665997679578,0.00027179200333193876,0.16167399999903864,622.953125,,1
23BCE0856,CS10,kmeans_k8,synthetic_blobs,500000,Lloyd-Parallel-Pool,multiprocessing.Pool+shared_memory,Apple M2,8,1,0.36788062500272645,,,0.0021744999939983245,0.00022854200506117195,0.1537822500031325,673.578125,,2
23BCE0856,CS10,kmeans_k8,synthetic_blobs,500000,Lloyd-Parallel-Pool,multiprocessing.Pool+shared_memory,Apple M2,8,1,0.3553890829971351,,,0.00628395799867576,0.00025933299912139773,0.17256170799737447,1002.515625,,3
23BCE0856,CS10,kmeans_k8,synthetic_blobs,500000,Lloyd-Parallel-Pool,multiprocessing.Pool+shared_memory,Apple M2,8,1,0.36322062500039465,,,0.006047666996892076,0.0002662499973666854,0.16914933400403243,990.390625,,4
23BCE0856,CS10,kmeans_k8,synthetic_blobs,500000,Lloyd-Parallel-Pool,multiprocessing.Pool+shared_memory,Apple M2,8,1,0.367952749998949,,,0.0036609149974538013,0.0002865009992092382,0.15172066600280232,701.3125,,5
23BCE0856,CS10,kmeans_k16,synthetic_blobs,500000,Lloyd-Sequential,None,Apple M2,1,1,6.47848150000209,,,0.0,0.0,0.0,31.078125,,1
23BCE0856,CS10,kmeans_k16,synthetic_blobs,500000,Lloyd-Sequential,None,Apple M2,1,1,6.719874375001382,,,0.0,0.0,0.0,33.15625,,2
23BCE0856,CS10,kmeans_k16,synthetic_blobs,500000,Lloyd-Sequential,None,Apple M2,1,1,6.579687292000017,,,0.0,0.0,0.0,29.984375,,3
23BCE0856,CS10,kmeans_k16,synthetic_blobs,500000,Lloyd-Sequential,None,Apple M2,1,1,6.680206041000929,,,0.0,0.0,0.0,29.984375,,4
23BCE0856,CS10,kmeans_k16,synthetic_blobs,500000,Lloyd-Sequential,None,Apple M2,1,1,6.776698416997533,,,0.0,0.0,0.0,29.984375,,5
23BCE0856,CS10,kmeans_k16,synthetic_blobs,500000,Lloyd-Parallel-Pool,multiprocessing.Pool+shared_memory,Apple M2,1,1,6.6679790830021375,,,0.0859504559848574,0.013468960994941881,0.14520108200304094,450.125,,1
23BCE0856,CS10,kmeans_k16,synthetic_blobs,500000,Lloyd-Parallel-Pool,multiprocessing.Pool+shared_memory,Apple M2,1,1,6.345614624999143,,,0.08749082999565871,0.00634854397867457,0.10857979602224077,445.734375,,2
23BCE0856,CS10,kmeans_k16,synthetic_blobs,500000,Lloyd-Parallel-Pool,multiprocessing.Pool+shared_memory,Apple M2,1,1,6.304066042001068,,,0.08669224399636732,0.005968756002403097,0.11237141099627479,439.84375,,3
23BCE0856,CS10,kmeans_k16,synthetic_blobs,500000,Lloyd-Parallel-Pool,multiprocessing.Pool+shared_memory,Apple M2,1,1,6.296102500000416,,,0.08078120701247826,0.009209007017489057,0.10924354101007339,443.359375,,4
23BCE0856,CS10,kmeans_k16,synthetic_blobs,500000,Lloyd-Parallel-Pool,multiprocessing.Pool+shared_memory,Apple M2,1,1,6.419481083001301,,,0.11159458796100807,0.013730000988289248,0.11228104100882774,445.328125,,5
23BCE0856,CS10,kmeans_k16,synthetic_blobs,500000,Lloyd-Parallel-Pool,multiprocessing.Pool+shared_memory,Apple M2,2,1,3.4891723330001696,,,0.06028658201103099,0.01590841698634904,0.11166262900951551,591.890625,,1
23BCE0856,CS10,kmeans_k16,synthetic_blobs,500000,Lloyd-Parallel-Pool,multiprocessing.Pool+shared_memory,Apple M2,2,1,3.5002192500032834,,,0.0605147439709981,0.009383836997585604,0.11432154500289471,597.828125,,2
23BCE0856,CS10,kmeans_k16,synthetic_blobs,500000,Lloyd-Parallel-Pool,multiprocessing.Pool+shared_memory,Apple M2,2,1,3.5517000410000037,,,0.0673233369961963,0.00937958400027128,0.14007112098261132,595.34375,,3
23BCE0856,CS10,kmeans_k16,synthetic_blobs,500000,Lloyd-Parallel-Pool,multiprocessing.Pool+shared_memory,Apple M2,2,1,3.5077581660007127,,,0.06923249701139866,0.00576346300294972,0.11155045800114749,594.71875,,4
23BCE0856,CS10,kmeans_k16,synthetic_blobs,500000,Lloyd-Parallel-Pool,multiprocessing.Pool+shared_memory,Apple M2,2,1,3.521201667001151,,,0.06064012802380603,0.00903900097910082,0.1095482809942041,603.328125,,5
23BCE0856,CS10,kmeans_k16,synthetic_blobs,500000,Lloyd-Parallel-Pool,multiprocessing.Pool+shared_memory,Apple M2,4,1,2.1978952919998846,,,0.08769070500420639,0.010126291992492042,0.11513933998867287,1331.09375,,1
23BCE0856,CS10,kmeans_k16,synthetic_blobs,500000,Lloyd-Parallel-Pool,multiprocessing.Pool+shared_memory,Apple M2,4,1,2.296187292002287,,,0.07244887799606659,0.006521211005747318,0.11589112399087753,1381.953125,,2
23BCE0856,CS10,kmeans_k16,synthetic_blobs,500000,Lloyd-Parallel-Pool,multiprocessing.Pool+shared_memory,Apple M2,4,1,2.2508650420022605,,,0.06323207500827266,0.006641541000135476,0.12621450300503056,1411.359375,,3
23BCE0856,CS10,kmeans_k16,synthetic_blobs,500000,Lloyd-Parallel-Pool,multiprocessing.Pool+shared_memory,Apple M2,4,1,2.307461124997644,,,0.06870899102432304,0.010865830990951508,0.11283141099556815,1432.296875,,4
23BCE0856,CS10,kmeans_k16,synthetic_blobs,500000,Lloyd-Parallel-Pool,multiprocessing.Pool+shared_memory,Apple M2,4,1,2.3154221669974504,,,0.06555371198192006,0.008510292987921275,0.1116489219966752,1442.96875,,5
23BCE0856,CS10,kmeans_k16,synthetic_blobs,500000,Lloyd-Parallel-Pool,multiprocessing.Pool+shared_memory,Apple M2,8,1,2.2565494580012455,,,0.09959081696069916,0.008137751003232552,0.16898646400295547,2142.828125,,1
23BCE0856,CS10,kmeans_k16,synthetic_blobs,500000,Lloyd-Parallel-Pool,multiprocessing.Pool+shared_memory,Apple M2,8,1,2.3406343329988886,,,0.08561132997419918,0.008406039985857205,0.2132476299884729,2084.390625,,2
23BCE0856,CS10,kmeans_k16,synthetic_blobs,500000,Lloyd-Parallel-Pool,multiprocessing.Pool+shared_memory,Apple M2,8,1,2.2189190830031293,,,0.0854384959784511,0.00812278501689434,0.1738727480333182,2095.890625,,3
23BCE0856,CS10,kmeans_k16,synthetic_blobs,500000,Lloyd-Parallel-Pool,multiprocessing.Pool+shared_memory,Apple M2,8,1,2.2457000829999743,,,0.0980843330398784,0.011720752972905757,0.1867617870157119,2094.1875,,4
23BCE0856,CS10,kmeans_k16,synthetic_blobs,500000,Lloyd-Parallel-Pool,multiprocessing.Pool+shared_memory,Apple M2,8,1,2.246940959001222,,,0.09624670001358027,0.008241663039370906,0.21017995899819653,2087.796875,,5
23BCE0856,CS10,kmeans_k64,synthetic_blobs,500000,Lloyd-Sequential,None,Apple M2,1,1,9.947407833002217,,,0.0,0.0,0.0,84.703125,,1
23BCE0856,CS10,kmeans_k64,synthetic_blobs,500000,Lloyd-Sequential,None,Apple M2,1,1,10.160340957998415,,,0.0,0.0,0.0,84.71875,,2
23BCE0856,CS10,kmeans_k64,synthetic_blobs,500000,Lloyd-Sequential,None,Apple M2,1,1,10.137741457998345,,,0.0,0.0,0.0,84.734375,,3
23BCE0856,CS10,kmeans_k64,synthetic_blobs,500000,Lloyd-Sequential,None,Apple M2,1,1,10.497143417000188,,,0.0,0.0,0.0,160.46875,,4
23BCE0856,CS10,kmeans_k64,synthetic_blobs,500000,Lloyd-Sequential,None,Apple M2,1,1,10.493979750001017,,,0.0,0.0,0.0,140.4375,,5
23BCE0856,CS10,kmeans_k64,synthetic_blobs,500000,Lloyd-Parallel-Pool,multiprocessing.Pool+shared_memory,Apple M2,1,1,10.065568542002438,,,0.19485815604275558,0.010712124993006,0.1437235440207587,706.71875,,1
23BCE0856,CS10,kmeans_k64,synthetic_blobs,500000,Lloyd-Parallel-Pool,multiprocessing.Pool+shared_memory,Apple M2,1,1,10.011117250000098,,,0.20214091400339385,0.007857588985643815,0.14275492600063444,700.5,,2
23BCE0856,CS10,kmeans_k64,synthetic_blobs,500000,Lloyd-Parallel-Pool,multiprocessing.Pool+shared_memory,Apple M2,1,1,10.242792290999205,,,0.20948603600118076,0.01798834301007446,0.1062542950057832,711.3125,,3
23BCE0856,CS10,kmeans_k64,synthetic_blobs,500000,Lloyd-Parallel-Pool,multiprocessing.Pool+shared_memory,Apple M2,1,1,9.905621333000454,,,0.19193665596321807,0.007460869972419459,0.10971654196328018,704.0625,,4
23BCE0856,CS10,kmeans_k64,synthetic_blobs,500000,Lloyd-Parallel-Pool,multiprocessing.Pool+shared_memory,Apple M2,1,1,9.912757958001748,,,0.20130569699540501,0.007635375000972999,0.11062875099014491,702.765625,,5
23BCE0856,CS10,kmeans_k64,synthetic_blobs,500000,Lloyd-Parallel-Pool,multiprocessing.Pool+shared_memory,Apple M2,2,1,5.871970042000612,,,0.1856654189832625,0.008109207974484889,0.11169692099792883,859.453125,,1
23BCE0856,CS10,kmeans_k64,synthetic_blobs,500000,Lloyd-Parallel-Pool,multiprocessing.Pool+shared_memory,Apple M2,2,1,5.966197292000288,,,0.21239207700273255,0.00810503998218337,0.11038770899904193,870.546875,,2
23BCE0856,CS10,kmeans_k64,synthetic_blobs,500000,Lloyd-Parallel-Pool,multiprocessing.Pool+shared_memory,Apple M2,2,1,5.99050866700054,,,0.239523205000296,0.011293915991700487,0.1113459560147021,860.96875,,3
23BCE0856,CS10,kmeans_k64,synthetic_blobs,500000,Lloyd-Parallel-Pool,multiprocessing.Pool+shared_memory,Apple M2,2,1,6.135255832999974,,,0.12983691297267796,0.009324332007963676,0.1119272949945298,868.34375,,4
23BCE0856,CS10,kmeans_k64,synthetic_blobs,500000,Lloyd-Parallel-Pool,multiprocessing.Pool+shared_memory,Apple M2,2,1,6.129801458999282,,,0.14704020698627573,0.012248875984369079,0.10667358200225863,877.4375,,5
23BCE0856,CS10,kmeans_k64,synthetic_blobs,500000,Lloyd-Parallel-Pool,multiprocessing.Pool+shared_memory,Apple M2,4,1,3.855968791998748,,,0.09264071100187721,0.011854500015033409,0.11414571102068294,1212.984375,,1
23BCE0856,CS10,kmeans_k64,synthetic_blobs,500000,Lloyd-Parallel-Pool,multiprocessing.Pool+shared_memory,Apple M2,4,1,3.877465499997925,,,0.09072403902973747,0.009164122988295276,0.11176395901929936,1210.953125,,2
23BCE0856,CS10,kmeans_k64,synthetic_blobs,500000,Lloyd-Parallel-Pool,multiprocessing.Pool+shared_memory,Apple M2,4,1,3.8156082089990377,,,0.08626412498779246,0.009338123018096667,0.11365412601298885,1210.15625,,3
23BCE0856,CS10,kmeans_k64,synthetic_blobs,500000,Lloyd-Parallel-Pool,multiprocessing.Pool+shared_memory,Apple M2,4,1,3.8507033749992843,,,0.08297966104510124,0.009397088011610322,0.1105061180278426,1216.046875,,4
23BCE0856,CS10,kmeans_k64,synthetic_blobs,500000,Lloyd-Parallel-Pool,multiprocessing.Pool+shared_memory,Apple M2,4,1,3.8211862499993003,,,0.0794792810047511,0.014530003016261617,0.11302199800047674,1209.34375,,5
23BCE0856,CS10,kmeans_k64,synthetic_blobs,500000,Lloyd-Parallel-Pool,multiprocessing.Pool+shared_memory,Apple M2,8,1,3.516659625001921,,,0.0720727849911782,0.013317506010935176,0.16184054099358036,1867.71875,,1
23BCE0856,CS10,kmeans_k64,synthetic_blobs,500000,Lloyd-Parallel-Pool,multiprocessing.Pool+shared_memory,Apple M2,8,1,3.510716083997977,,,0.0728558240152779,0.010915789996943204,0.1678790010009834,1850.1875,,2
23BCE0856,CS10,kmeans_k64,synthetic_blobs,500000,Lloyd-Parallel-Pool,multiprocessing.Pool+shared_memory,Apple M2,8,1,3.5063487919978797,,,0.10014621301161242,0.017122377998020966,0.1768208749817859,1867.125,,3
23BCE0856,CS10,kmeans_k64,synthetic_blobs,500000,Lloyd-Parallel-Pool,multiprocessing.Pool+shared_memory,Apple M2,8,1,3.472416124997835,,,0.07380649600600009,0.010965753990603844,0.1685919130104594,1868.109375,,4
23BCE0856,CS10,kmeans_k64,synthetic_blobs,500000,Lloyd-Parallel-Pool,multiprocessing.Pool+shared_memory,Apple M2,8,1,3.4535339169997314,,,0.07765369701155578,0.01066033699316904,0.1676027879875619,1867.484375,,5
23BCE0856,CS10,kmeans_k8,synthetic_blobs,2000000,Lloyd-Sequential,None,Apple M2,1,1,26.865735625000525,,,0.0,0.0,0.0,513.3125,,1
23BCE0856,CS10,kmeans_k8,synthetic_blobs,2000000,Lloyd-Sequential,None,Apple M2,1,1,26.884172500002023,,,0.0,0.0,0.0,513.53125,,2
23BCE0856,CS10,kmeans_k8,synthetic_blobs,2000000,Lloyd-Sequential,None,Apple M2,1,1,26.969225999997434,,,0.0,0.0,0.0,513.53125,,3
23BCE0856,CS10,kmeans_k8,synthetic_blobs,2000000,Lloyd-Sequential,None,Apple M2,1,1,26.871158458001446,,,0.0,0.0,0.0,513.484375,,4
23BCE0856,CS10,kmeans_k8,synthetic_blobs,2000000,Lloyd-Sequential,None,Apple M2,1,1,27.34902645800321,,,0.0,0.0,0.0,562.265625,,5
23BCE0856,CS10,kmeans_k8,synthetic_blobs,2000000,Lloyd-Parallel-Pool,multiprocessing.Pool+shared_memory,Apple M2,1,1,26.712714541001333,,,0.11784540900043794,0.004249376026564278,0.15157345400803024,1266.484375,,1
23BCE0856,CS10,kmeans_k8,synthetic_blobs,2000000,Lloyd-Parallel-Pool,multiprocessing.Pool+shared_memory,Apple M2,1,1,26.81569504199797,,,0.12960023997948156,0.004506418990786187,0.16956304699124303,1197.5,,2
23BCE0856,CS10,kmeans_k8,synthetic_blobs,2000000,Lloyd-Parallel-Pool,multiprocessing.Pool+shared_memory,Apple M2,1,1,26.553149499999563,,,0.1189107870159205,0.004335620018537156,0.16984667098950013,1268.90625,,3
23BCE0856,CS10,kmeans_k8,synthetic_blobs,2000000,Lloyd-Parallel-Pool,multiprocessing.Pool+shared_memory,Apple M2,1,1,26.491347541999858,,,0.1160198220059101,0.004472210959647782,0.16040199999770266,1263.984375,,4
23BCE0856,CS10,kmeans_k8,synthetic_blobs,2000000,Lloyd-Parallel-Pool,multiprocessing.Pool+shared_memory,Apple M2,1,1,26.59665274999861,,,0.12325382600101875,0.004415497976879124,0.15523350901639787,1267.828125,,5
23BCE0856,CS10,kmeans_k8,synthetic_blobs,2000000,Lloyd-Parallel-Pool,multiprocessing.Pool+shared_memory,Apple M2,2,1,14.246672499997658,,,0.07256378697638866,0.0042780370167747606,0.1730821200144419,1891.390625,,1
23BCE0856,CS10,kmeans_k8,synthetic_blobs,2000000,Lloyd-Parallel-Pool,multiprocessing.Pool+shared_memory,Apple M2,2,1,14.50909354200121,,,0.089583203982329,0.004500420000113081,0.17073679399254615,1923.03125,,2
23BCE0856,CS10,kmeans_k8,synthetic_blobs,2000000,Lloyd-Parallel-Pool,multiprocessing.Pool+shared_memory,Apple M2,2,1,14.505494624998391,,,0.07846204004090396,0.004468455972528318,0.16453536699918914,1937.203125,,3
23BCE0856,CS10,kmeans_k8,synthetic_blobs,2000000,Lloyd-Parallel-Pool,multiprocessing.Pool+shared_memory,Apple M2,2,1,15.16220075000092,,,0.09258791202228167,0.007760625983792124,0.17291533698880812,1928.953125,,4
23BCE0856,CS10,kmeans_k8,synthetic_blobs,2000000,Lloyd-Parallel-Pool,multiprocessing.Pool+shared_memory,Apple M2,2,1,15.544851542003016,,,0.10868345000926638,0.006840296991867945,0.17617504600275424,1413.328125,,5
23BCE0856,CS10,kmeans_k8,synthetic_blobs,2000000,Lloyd-Parallel-Pool,multiprocessing.Pool+shared_memory,Apple M2,4,1,9.422210749999067,,,0.0778924149890372,0.004802210987691069,0.18815795396221802,2986.484375,,1
23BCE0856,CS10,kmeans_k8,synthetic_blobs,2000000,Lloyd-Parallel-Pool,multiprocessing.Pool+shared_memory,Apple M2,4,1,9.414113667000493,,,0.07917278999229893,0.005003665995900519,0.14048611701582558,2702.609375,,2
23BCE0856,CS10,kmeans_k8,synthetic_blobs,2000000,Lloyd-Parallel-Pool,multiprocessing.Pool+shared_memory,Apple M2,4,1,9.538136582999869,,,0.07340383795963135,0.005434213995613391,0.13943174897576682,2795.15625,,3
23BCE0856,CS10,kmeans_k8,synthetic_blobs,2000000,Lloyd-Parallel-Pool,multiprocessing.Pool+shared_memory,Apple M2,4,1,9.235147625000536,,,0.07175115596328396,0.004580454020469915,0.1381034169862687,2446.03125,,4
23BCE0856,CS10,kmeans_k8,synthetic_blobs,2000000,Lloyd-Parallel-Pool,multiprocessing.Pool+shared_memory,Apple M2,4,1,9.347491417000128,,,0.07681044999480946,0.00472758700925624,0.15346266898268368,2492.21875,,5
23BCE0856,CS10,kmeans_k8,synthetic_blobs,2000000,Lloyd-Parallel-Pool,multiprocessing.Pool+shared_memory,Apple M2,8,1,7.599561207996885,,,0.10331408699130407,0.005128996024723165,0.1947520850044384,4902.375,,1
23BCE0856,CS10,kmeans_k8,synthetic_blobs,2000000,Lloyd-Parallel-Pool,multiprocessing.Pool+shared_memory,Apple M2,8,1,7.64885037500062,,,0.10877491296923836,0.005072035983175738,0.20934929601935437,4964.6875,,2
23BCE0856,CS10,kmeans_k8,synthetic_blobs,2000000,Lloyd-Parallel-Pool,multiprocessing.Pool+shared_memory,Apple M2,8,1,8.333868624999013,,,0.13620816797629232,0.006113624975114362,0.19353725600012694,4987.015625,,3
23BCE0856,CS10,kmeans_k8,synthetic_blobs,2000000,Lloyd-Parallel-Pool,multiprocessing.Pool+shared_memory,Apple M2,8,1,7.883118166999338,,,0.12026092002997757,0.005169041989574907,0.26205433302311576,4971.828125,,4
23BCE0856,CS10,kmeans_k8,synthetic_blobs,2000000,Lloyd-Parallel-Pool,multiprocessing.Pool+shared_memory,Apple M2,8,1,7.728781957997853,,,0.11977349800872616,0.0052281650132499635,0.18769678697935888,5025.484375,,5
23BCE0856,CS10,kmeans_k16,synthetic_blobs,2000000,Lloyd-Sequential,None,Apple M2,1,1,25.240250417002244,,,0.0,0.0,0.0,509.625,,1
23BCE0856,CS10,kmeans_k16,synthetic_blobs,2000000,Lloyd-Sequential,None,Apple M2,1,1,25.41481370800102,,,0.0,0.0,0.0,509.75,,2
23BCE0856,CS10,kmeans_k16,synthetic_blobs,2000000,Lloyd-Sequential,None,Apple M2,1,1,25.304456833000586,,,0.0,0.0,0.0,509.390625,,3
23BCE0856,CS10,kmeans_k16,synthetic_blobs,2000000,Lloyd-Sequential,None,Apple M2,1,1,25.41380824999942,,,0.0,0.0,0.0,587.421875,,4
23BCE0856,CS10,kmeans_k16,synthetic_blobs,2000000,Lloyd-Sequential,None,Apple M2,1,1,25.404349166998145,,,0.0,0.0,0.0,538.1875,,5
23BCE0856,CS10,kmeans_k16,synthetic_blobs,2000000,Lloyd-Parallel-Pool,multiprocessing.Pool+shared_memory,Apple M2,1,1,25.51176120800301,,,0.18589357896416914,0.01066799999171053,0.16944136802339926,1447.234375,,1
23BCE0856,CS10,kmeans_k16,synthetic_blobs,2000000,Lloyd-Parallel-Pool,multiprocessing.Pool+shared_memory,Apple M2,1,1,26.19305904200155,,,0.20236470999589073,0.006249583009775961,0.17411413000081666,1432.75,,2
23BCE0856,CS10,kmeans_k16,synthetic_blobs,2000000,Lloyd-Parallel-Pool,multiprocessing.Pool+shared_memory,Apple M2,1,1,25.71880824999971,,,0.20484245000625378,0.005958379002549918,0.1695949169989035,1420.640625,,3
23BCE0856,CS10,kmeans_k16,synthetic_blobs,2000000,Lloyd-Parallel-Pool,multiprocessing.Pool+shared_memory,Apple M2,1,1,25.813268957997934,,,0.22307820397327305,0.006186295995576074,0.17559929600611213,1421.953125,,4
23BCE0856,CS10,kmeans_k16,synthetic_blobs,2000000,Lloyd-Parallel-Pool,multiprocessing.Pool+shared_memory,Apple M2,1,1,25.507485042002372,,,0.19951265500640147,0.007872166999732144,0.17154108597242157,1363.03125,,5
23BCE0856,CS10,kmeans_k16,synthetic_blobs,2000000,Lloyd-Parallel-Pool,multiprocessing.Pool+shared_memory,Apple M2,2,1,13.96100099999967,,,0.10999153597003897,0.00581891500405618,0.16636941499382374,2059.46875,,1
23BCE0856,CS10,kmeans_k16,synthetic_blobs,2000000,Lloyd-Parallel-Pool,multiprocessing.Pool+shared_memory,Apple M2,2,1,14.031648333002522,,,0.11587303297346807,0.005720952001865953,0.16908266899190494,2064.40625,,2
23BCE0856,CS10,kmeans_k16,synthetic_blobs,2000000,Lloyd-Parallel-Pool,multiprocessing.Pool+shared_memory,Apple M2,2,1,14.189375750000181,,,0.12984282898469246,0.00584578999405494,0.16608066797925858,2075.890625,,3
23BCE0856,CS10,kmeans_k16,synthetic_blobs,2000000,Lloyd-Parallel-Pool,multiprocessing.Pool+shared_memory,Apple M2,2,1,14.358196542001679,,,0.11994324399711331,0.0060030369895685,0.1718090819849749,2022.25,,4
23BCE0856,CS10,kmeans_k16,synthetic_blobs,2000000,Lloyd-Parallel-Pool,multiprocessing.Pool+shared_memory,Apple M2,2,1,14.61565249999694,,,0.13773300100365304,0.006252500017581042,0.22275729699322255,1993.390625,,5
23BCE0856,CS10,kmeans_k16,synthetic_blobs,2000000,Lloyd-Parallel-Pool,multiprocessing.Pool+shared_memory,Apple M2,4,1,9.01912983299917,,,0.07653882301019621,0.00600929796564742,0.13744141898860107,3171.203125,,1
23BCE0856,CS10,kmeans_k16,synthetic_blobs,2000000,Lloyd-Parallel-Pool,multiprocessing.Pool+shared_memory,Apple M2,4,1,9.22125058399979,,,0.08562935602094512,0.006259253994358005,0.13461387497955002,2753.265625,,2
23BCE0856,CS10,kmeans_k16,synthetic_blobs,2000000,Lloyd-Parallel-Pool,multiprocessing.Pool+shared_memory,Apple M2,4,1,9.307017833001737,,,0.08342869797706953,0.006303623002168024,0.14156649497817853,2770.59375,,3
23BCE0856,CS10,kmeans_k16,synthetic_blobs,2000000,Lloyd-Parallel-Pool,multiprocessing.Pool+shared_memory,Apple M2,4,1,9.449932499999704,,,0.09063486504601315,0.00869750299534644,0.13676320800368558,2955.65625,,4
23BCE0856,CS10,kmeans_k16,synthetic_blobs,2000000,Lloyd-Parallel-Pool,multiprocessing.Pool+shared_memory,Apple M2,4,1,9.413141332999658,,,0.09231591199932154,0.008954669006925542,0.1542927519803925,2813.96875,,5
23BCE0856,CS10,kmeans_k16,synthetic_blobs,2000000,Lloyd-Parallel-Pool,multiprocessing.Pool+shared_memory,Apple M2,8,1,9.314021041998785,,,0.3237622039669077,0.012900584999442799,0.2624369599943748,4672.6875,,1
23BCE0856,CS10,kmeans_k16,synthetic_blobs,2000000,Lloyd-Parallel-Pool,multiprocessing.Pool+shared_memory,Apple M2,8,1,8.84721300000092,,,0.14714903997810325,0.010517500002606539,0.21753049901963095,4654.046875,,2
23BCE0856,CS10,kmeans_k16,synthetic_blobs,2000000,Lloyd-Parallel-Pool,multiprocessing.Pool+shared_memory,Apple M2,8,1,9.075382166000054,,,0.16690577496774495,0.00805312499505817,0.24700587499683024,4679.625,,3
23BCE0856,CS10,kmeans_k16,synthetic_blobs,2000000,Lloyd-Parallel-Pool,multiprocessing.Pool+shared_memory,Apple M2,8,1,9.037899625000136,,,0.16663578699808568,0.011876550015585963,0.31756270999176195,4680.75,,4
23BCE0856,CS10,kmeans_k16,synthetic_blobs,2000000,Lloyd-Parallel-Pool,multiprocessing.Pool+shared_memory,Apple M2,8,1,8.608526250001887,,,0.10307174596528057,0.019568128995160805,0.21202978601286304,4718.484375,,5
23BCE0856,CS10,kmeans_k64,synthetic_blobs,2000000,Lloyd-Sequential,None,Apple M2,1,1,47.48710679099895,,,0.0,0.0,0.0,1964.40625,,1
23BCE0856,CS10,kmeans_k64,synthetic_blobs,2000000,Lloyd-Sequential,None,Apple M2,1,1,47.10422970900254,,,0.0,0.0,0.0,1964.96875,,2
23BCE0856,CS10,kmeans_k64,synthetic_blobs,2000000,Lloyd-Sequential,None,Apple M2,1,1,46.835376499999256,,,0.0,0.0,0.0,1965.671875,,3
23BCE0856,CS10,kmeans_k64,synthetic_blobs,2000000,Lloyd-Sequential,None,Apple M2,1,1,46.79784016600024,,,0.0,0.0,0.0,1975.515625,,4
23BCE0856,CS10,kmeans_k64,synthetic_blobs,2000000,Lloyd-Sequential,None,Apple M2,1,1,46.85851470800117,,,0.0,0.0,0.0,1982.421875,,5
23BCE0856,CS10,kmeans_k64,synthetic_blobs,2000000,Lloyd-Parallel-Pool,multiprocessing.Pool+shared_memory,Apple M2,1,1,50.001654874999076,,,0.7550032920080412,0.009041756031365367,0.2409046630091325,2517.734375,,1
23BCE0856,CS10,kmeans_k64,synthetic_blobs,2000000,Lloyd-Parallel-Pool,multiprocessing.Pool+shared_memory,Apple M2,1,1,47.91163166700062,,,0.7023849920042267,0.014880125017953105,0.19596029703097884,2197.171875,,2
23BCE0856,CS10,kmeans_k64,synthetic_blobs,2000000,Lloyd-Parallel-Pool,multiprocessing.Pool+shared_memory,Apple M2,1,1,74.38915354100027,,,1.5849282150120416,0.03664911800660775,0.17351878598492476,2521.34375,,3
23BCE0856,CS10,kmeans_k64,synthetic_blobs,2000000,Lloyd-Parallel-Pool,multiprocessing.Pool+shared_memory,Apple M2,1,1,54.74136008300047,,,1.031578634014295,0.021733836987550603,0.36982249797074473,2336.703125,,4
23BCE0856,CS10,kmeans_k64,synthetic_blobs,2000000,Lloyd-Parallel-Pool,multiprocessing.Pool+shared_memory,Apple M2,1,1,59.64150158399934,,,1.2456682959891623,0.024230247974628583,0.17296524697667337,2324.90625,,5
23BCE0856,CS10,kmeans_k64,synthetic_blobs,2000000,Lloyd-Parallel-Pool,multiprocessing.Pool+shared_memory,Apple M2,2,1,34.43954762499925,,,0.5735118220218283,0.014641297995694913,0.3115872050257167,2532.640625,,1
23BCE0856,CS10,kmeans_k64,synthetic_blobs,2000000,Lloyd-Parallel-Pool,multiprocessing.Pool+shared_memory,Apple M2,2,1,33.94945616699988,,,0.5290101210193825,0.012220257991430117,0.2017729630206304,2528.109375,,2
23BCE0856,CS10,kmeans_k64,synthetic_blobs,2000000,Lloyd-Parallel-Pool,multiprocessing.Pool+shared_memory,Apple M2,2,1,32.38844108400008,,,0.44400120498539764,0.015216328996757511,0.1926994980094605,3001.15625,,3
23BCE0856,CS10,kmeans_k64,synthetic_blobs,2000000,Lloyd-Parallel-Pool,multiprocessing.Pool+shared_memory,Apple M2,2,1,31.347178417003306,,,0.43087249999007327,0.014091833985730773,0.17516107800111058,2843.703125,,4
23BCE0856,CS10,kmeans_k64,synthetic_blobs,2000000,Lloyd-Parallel-Pool,multiprocessing.Pool+shared_memory,Apple M2,2,1,30.81907454099928,,,0.36998470198886935,0.013231494005594868,0.17707583698938834,3062.6875,,5
23BCE0856,CS10,kmeans_k64,synthetic_blobs,2000000,Lloyd-Parallel-Pool,multiprocessing.Pool+shared_memory,Apple M2,4,1,16.02132637500108,,,0.21033744999658666,0.013475293006194988,0.18159604800894158,4273.640625,,1
23BCE0856,CS10,kmeans_k64,synthetic_blobs,2000000,Lloyd-Parallel-Pool,multiprocessing.Pool+shared_memory,Apple M2,4,1,16.706885416999285,,,0.21828353304226766,0.008720707999600563,0.17691400103649357,3822.4375,,2
23BCE0856,CS10,kmeans_k64,synthetic_blobs,2000000,Lloyd-Parallel-Pool,multiprocessing.Pool+shared_memory,Apple M2,4,1,16.267872832999274,,,0.20930328897520667,0.008297413005493581,0.18429875898800674,4239.90625,,3
23BCE0856,CS10,kmeans_k64,synthetic_blobs,2000000,Lloyd-Parallel-Pool,multiprocessing.Pool+shared_memory,Apple M2,4,1,16.785282208002172,,,0.22146629002600093,0.015184001029410865,0.17891154099925188,4085.515625,,4
23BCE0856,CS10,kmeans_k64,synthetic_blobs,2000000,Lloyd-Parallel-Pool,multiprocessing.Pool+shared_memory,Apple M2,4,1,17.639236125000025,,,0.24252320902087376,0.009676622001279611,0.17383295201943838,3718.40625,,5
23BCE0856,CS10,kmeans_k64,synthetic_blobs,2000000,Lloyd-Parallel-Pool,multiprocessing.Pool+shared_memory,Apple M2,8,1,16.289917124999192,,,0.2650787450183998,0.026317500985896913,0.21271537101711147,6361.859375,,1
23BCE0856,CS10,kmeans_k64,synthetic_blobs,2000000,Lloyd-Parallel-Pool,multiprocessing.Pool+shared_memory,Apple M2,8,1,19.213919582998642,,,0.43505941798866843,0.044130461996246595,0.23576099501224235,5830.421875,,2
23BCE0856,CS10,kmeans_k64,synthetic_blobs,2000000,Lloyd-Parallel-Pool,multiprocessing.Pool+shared_memory,Apple M2,8,1,22.691113665998273,,,0.452224708016729,0.03791183798603015,0.2879336229925684,5701.734375,,3
23BCE0856,CS10,kmeans_k64,synthetic_blobs,2000000,Lloyd-Parallel-Pool,multiprocessing.Pool+shared_memory,Apple M2,8,1,27.75002362500163,,,0.4844620470321388,0.04197246101102792,0.30303287602509954,5470.484375,,4
23BCE0856,CS10,kmeans_k64,synthetic_blobs,2000000,Lloyd-Parallel-Pool,multiprocessing.Pool+shared_memory,Apple M2,8,1,32.50398912499804,,,0.41046421503051533,0.035470920993248,0.361007496027014,5525.828125,,5
23BCE0856,CS10,kmeans_k8,mnist,70000,Lloyd-Sequential,None,Apple M2,1,1,7.013377917002799,,,0.0,0.0,0.0,722.171875,,1
23BCE0856,CS10,kmeans_k8,mnist,70000,Lloyd-Sequential,None,Apple M2,1,1,7.23613524999746,,,0.0,0.0,0.0,722.90625,,2
23BCE0856,CS10,kmeans_k8,mnist,70000,Lloyd-Sequential,None,Apple M2,1,1,7.1024489589981386,,,0.0,0.0,0.0,729.90625,,3
23BCE0856,CS10,kmeans_k8,mnist,70000,Lloyd-Sequential,None,Apple M2,1,1,7.068584624998039,,,0.0,0.0,0.0,713.1875,,4
23BCE0856,CS10,kmeans_k8,mnist,70000,Lloyd-Sequential,None,Apple M2,1,1,7.061882916998002,,,0.0,0.0,0.0,686.859375,,5
23BCE0856,CS10,kmeans_k8,mnist,70000,Lloyd-Parallel-Pool,multiprocessing.Pool+shared_memory,Apple M2,1,1,6.615335040998616,,,0.05309803899945109,0.010459914992679842,0.15415066399873467,1153.453125,,1
23BCE0856,CS10,kmeans_k8,mnist,70000,Lloyd-Parallel-Pool,multiprocessing.Pool+shared_memory,Apple M2,1,1,6.679923332998442,,,0.028316165997239295,0.019425795991992345,0.15174017300159903,1146.046875,,2
23BCE0856,CS10,kmeans_k8,mnist,70000,Lloyd-Parallel-Pool,multiprocessing.Pool+shared_memory,Apple M2,1,1,6.667867333999311,,,0.024359162969631143,0.008460961002128897,0.14182629197239294,1148.828125,,3
23BCE0856,CS10,kmeans_k8,mnist,70000,Lloyd-Parallel-Pool,multiprocessing.Pool+shared_memory,Apple M2,1,1,6.707797375001974,,,0.03068053801325732,0.02019400300196139,0.13863258000128553,1147.109375,,4
23BCE0856,CS10,kmeans_k8,mnist,70000,Lloyd-Parallel-Pool,multiprocessing.Pool+shared_memory,Apple M2,1,1,6.58147050000116,,,0.03232832898720517,0.018340710012125783,0.14132588200300233,1139.46875,,5
23BCE0856,CS10,kmeans_k8,mnist,70000,Lloyd-Parallel-Pool,multiprocessing.Pool+shared_memory,Apple M2,2,1,3.7307732500012207,,,0.017189917987707304,0.011538836002728203,0.12705774898495292,1212.03125,,1
23BCE0856,CS10,kmeans_k8,mnist,70000,Lloyd-Parallel-Pool,multiprocessing.Pool+shared_memory,Apple M2,2,1,3.954349916002684,,,0.02442303899806575,0.018475999997463077,0.16035737699712627,1615.15625,,2
23BCE0856,CS10,kmeans_k8,mnist,70000,Lloyd-Parallel-Pool,multiprocessing.Pool+shared_memory,Apple M2,2,1,3.9323890000014217,,,0.02825721097542555,0.012713706983049633,0.13249641300717485,1612.4375,,3
23BCE0856,CS10,kmeans_k8,mnist,70000,Lloyd-Parallel-Pool,multiprocessing.Pool+shared_memory,Apple M2,2,1,3.891308457998093,,,0.02309204098128248,0.008374995999474777,0.145528410004772,1614.015625,,4
23BCE0856,CS10,kmeans_k8,mnist,70000,Lloyd-Parallel-Pool,multiprocessing.Pool+shared_memory,Apple M2,2,1,3.7846547919980367,,,0.031019830996228848,0.014389419007784454,0.13286920599784935,1215.546875,,5
23BCE0856,CS10,kmeans_k8,mnist,70000,Lloyd-Parallel-Pool,multiprocessing.Pool+shared_memory,Apple M2,4,1,2.5381464160018368,,,0.05665692000911804,0.010377869995863875,0.1711859549905057,2491.1875,,1
23BCE0856,CS10,kmeans_k8,mnist,70000,Lloyd-Parallel-Pool,multiprocessing.Pool+shared_memory,Apple M2,4,1,2.5034343330007687,,,0.04156574601074681,0.009734288996696705,0.1356102900026599,2412.90625,,2
23BCE0856,CS10,kmeans_k8,mnist,70000,Lloyd-Parallel-Pool,multiprocessing.Pool+shared_memory,Apple M2,4,1,2.4870498750024126,,,0.04378275496492279,0.01535378798507736,0.13267824699141784,2510.046875,,3
23BCE0856,CS10,kmeans_k8,mnist,70000,Lloyd-Parallel-Pool,multiprocessing.Pool+shared_memory,Apple M2,4,1,2.461532332999923,,,0.029572995990747586,0.014871831001073588,0.14990512399526779,2418.78125,,4
23BCE0856,CS10,kmeans_k8,mnist,70000,Lloyd-Parallel-Pool,multiprocessing.Pool+shared_memory,Apple M2,4,1,2.443948250001995,,,0.03333807898161467,0.00847199598501902,0.14291541899729054,2508.171875,,5
23BCE0856,CS10,kmeans_k8,mnist,70000,Lloyd-Parallel-Pool,multiprocessing.Pool+shared_memory,Apple M2,8,1,2.3418712919992686,,,0.09951028601790313,0.014585665019694716,0.2747387889903621,4261.953125,,1
23BCE0856,CS10,kmeans_k8,mnist,70000,Lloyd-Parallel-Pool,multiprocessing.Pool+shared_memory,Apple M2,8,1,2.274139749999449,,,0.07062503899578587,0.01470850099940435,0.2171437910037639,4206.015625,,2
23BCE0856,CS10,kmeans_k8,mnist,70000,Lloyd-Parallel-Pool,multiprocessing.Pool+shared_memory,Apple M2,8,1,2.256449665997934,,,0.10323304099802044,0.00965804300722084,0.22915162398930988,4261.609375,,3
23BCE0856,CS10,kmeans_k8,mnist,70000,Lloyd-Parallel-Pool,multiprocessing.Pool+shared_memory,Apple M2,8,1,2.400059791001695,,,0.12647379101326806,0.006591376986762043,0.21490699699279503,4314.5,,4
23BCE0856,CS10,kmeans_k8,mnist,70000,Lloyd-Parallel-Pool,multiprocessing.Pool+shared_memory,Apple M2,8,1,2.432039874998736,,,0.07053637700300897,0.04653999799120356,0.19710345900602988,4309.734375,,5
23BCE0856,CS10,kmeans_k16,mnist,70000,Lloyd-Sequential,None,Apple M2,1,1,13.698306792000949,,,0.0,0.0,0.0,660.515625,,1
23BCE0856,CS10,kmeans_k16,mnist,70000,Lloyd-Sequential,None,Apple M2,1,1,13.420893583002908,,,0.0,0.0,0.0,647.640625,,2
23BCE0856,CS10,kmeans_k16,mnist,70000,Lloyd-Sequential,None,Apple M2,1,1,13.404782958998112,,,0.0,0.0,0.0,657.390625,,3
23BCE0856,CS10,kmeans_k16,mnist,70000,Lloyd-Sequential,None,Apple M2,1,1,13.504846832998737,,,0.0,0.0,0.0,657.703125,,4
23BCE0856,CS10,kmeans_k16,mnist,70000,Lloyd-Sequential,None,Apple M2,1,1,13.665109749999829,,,0.0,0.0,0.0,658.484375,,5
23BCE0856,CS10,kmeans_k16,mnist,70000,Lloyd-Parallel-Pool,multiprocessing.Pool+shared_memory,Apple M2,1,1,12.815340624998498,,,0.07558349904502393,0.03067395999460132,0.20230882999385358,1165.859375,,1
23BCE0856,CS10,kmeans_k16,mnist,70000,Lloyd-Parallel-Pool,multiprocessing.Pool+shared_memory,Apple M2,1,1,12.943590292001318,,,0.0801389669868513,0.09942262199911056,0.16904650298602064,1153.796875,,2
23BCE0856,CS10,kmeans_k16,mnist,70000,Lloyd-Parallel-Pool,multiprocessing.Pool+shared_memory,Apple M2,1,1,12.697275624999747,,,0.06032453303123475,0.03961811897534062,0.1869528669922147,1163.0,,3
23BCE0856,CS10,kmeans_k16,mnist,70000,Lloyd-Parallel-Pool,multiprocessing.Pool+shared_memory,Apple M2,1,1,12.854626249998546,,,0.07953116099815816,0.025285833009547787,0.17718262697962928,1156.75,,4
23BCE0856,CS10,kmeans_k16,mnist,70000,Lloyd-Parallel-Pool,multiprocessing.Pool+shared_memory,Apple M2,1,1,12.89156970899785,,,0.07736499400562025,0.03341933998672175,0.197852454995882,1105.453125,,5
23BCE0856,CS10,kmeans_k16,mnist,70000,Lloyd-Parallel-Pool,multiprocessing.Pool+shared_memory,Apple M2,2,1,7.222824249998666,,,0.08676262901644805,0.03734533600072609,0.1557208329795685,1635.28125,,1
23BCE0856,CS10,kmeans_k16,mnist,70000,Lloyd-Parallel-Pool,multiprocessing.Pool+shared_memory,Apple M2,2,1,7.475166166001145,,,0.08738029199957964,0.02774929498991696,0.14989395801603678,1575.390625,,2
23BCE0856,CS10,kmeans_k16,mnist,70000,Lloyd-Parallel-Pool,multiprocessing.Pool+shared_memory,Apple M2,2,1,7.338570666997839,,,0.08831974200802506,0.020510416998149594,0.14790008799172938,1596.15625,,3
23BCE0856,CS10,kmeans_k16,mnist,70000,Lloyd-Parallel-Pool,multiprocessing.Pool+shared_memory,Apple M2,2,1,7.347682125000574,,,0.08680961901336559,0.03479795601742808,0.1440568779980822,1606.328125,,4
23BCE0856,CS10,kmeans_k16,mnist,70000,Lloyd-Parallel-Pool,multiprocessing.Pool+shared_memory,Apple M2,2,1,7.24247133300014,,,0.09506783197502955,0.018680666013096925,0.1414119610162743,1612.125,,5
23BCE0856,CS10,kmeans_k16,mnist,70000,Lloyd-Parallel-Pool,multiprocessing.Pool+shared_memory,Apple M2,4,1,4.6359482090010715,,,0.15202253397001186,0.019701126013387693,0.15386928601219552,2566.203125,,1
23BCE0856,CS10,kmeans_k16,mnist,70000,Lloyd-Parallel-Pool,multiprocessing.Pool+shared_memory,Apple M2,4,1,4.696122666999145,,,0.14960919596342137,0.03697728700717562,0.16105499799959944,2500.53125,,2
23BCE0856,CS10,kmeans_k16,mnist,70000,Lloyd-Parallel-Pool,multiprocessing.Pool+shared_memory,Apple M2,4,1,4.619729041998653,,,0.13903329298773315,0.017600497019884642,0.13907904001462157,2485.140625,,3
23BCE0856,CS10,kmeans_k16,mnist,70000,Lloyd-Parallel-Pool,multiprocessing.Pool+shared_memory,Apple M2,4,1,4.572109458000341,,,0.13317408101647743,0.024455832019157242,0.17886707897196175,2475.46875,,4
23BCE0856,CS10,kmeans_k16,mnist,70000,Lloyd-Parallel-Pool,multiprocessing.Pool+shared_memory,Apple M2,4,1,4.528974209002627,,,0.12839107901891111,0.016522913010703633,0.14594508401933126,2513.140625,,5
23BCE0856,CS10,kmeans_k16,mnist,70000,Lloyd-Parallel-Pool,multiprocessing.Pool+shared_memory,Apple M2,8,1,3.931798499997967,,,0.14973728802942787,0.026320297012716765,0.1999374919978436,4372.953125,,1
23BCE0856,CS10,kmeans_k16,mnist,70000,Lloyd-Parallel-Pool,multiprocessing.Pool+shared_memory,Apple M2,8,1,3.923090540996782,,,0.14068637197851785,0.03829283699087682,0.19524991499929456,4267.09375,,2
23BCE0856,CS10,kmeans_k16,mnist,70000,Lloyd-Parallel-Pool,multiprocessing.Pool+shared_memory,Apple M2,8,1,4.058573791997333,,,0.16308857399781118,0.025323714995465707,0.19019254301019828,4339.109375,,3
23BCE0856,CS10,kmeans_k16,mnist,70000,Lloyd-Parallel-Pool,multiprocessing.Pool+shared_memory,Apple M2,8,1,4.028676792000624,,,0.15917874801016296,0.027566508011659607,0.20699495400185697,4313.734375,,4
23BCE0856,CS10,kmeans_k16,mnist,70000,Lloyd-Parallel-Pool,multiprocessing.Pool+shared_memory,Apple M2,8,1,3.9832406249988708,,,0.17465196201010258,0.03209591401173384,0.19489083400549134,4316.71875,,5
23BCE0856,CS10,kmeans_k64,mnist,70000,Lloyd-Sequential,None,Apple M2,1,1,13.141713916997105,,,0.0,0.0,0.0,660.78125,,1
23BCE0856,CS10,kmeans_k64,mnist,70000,Lloyd-Sequential,None,Apple M2,1,1,13.166577708001569,,,0.0,0.0,0.0,661.265625,,2
23BCE0856,CS10,kmeans_k64,mnist,70000,Lloyd-Sequential,None,Apple M2,1,1,13.214461916999426,,,0.0,0.0,0.0,661.0625,,3
23BCE0856,CS10,kmeans_k64,mnist,70000,Lloyd-Sequential,None,Apple M2,1,1,13.403792041997804,,,0.0,0.0,0.0,672.4375,,4
23BCE0856,CS10,kmeans_k64,mnist,70000,Lloyd-Sequential,None,Apple M2,1,1,13.257615417001944,,,0.0,0.0,0.0,674.015625,,5
23BCE0856,CS10,kmeans_k64,mnist,70000,Lloyd-Parallel-Pool,multiprocessing.Pool+shared_memory,Apple M2,1,1,12.72524550000162,,,0.19958296196637093,0.033858665003208444,0.1732104980146687,1173.5625,,1
23BCE0856,CS10,kmeans_k64,mnist,70000,Lloyd-Parallel-Pool,multiprocessing.Pool+shared_memory,Apple M2,1,1,12.636861167000461,,,0.21309741403456428,0.027214079000259517,0.1707847859688627,1172.875,,2
23BCE0856,CS10,kmeans_k64,mnist,70000,Lloyd-Parallel-Pool,multiprocessing.Pool+shared_memory,Apple M2,1,1,12.733606499998132,,,0.22477403998709633,0.040001995002967305,0.13074816898370045,1174.6875,,3
23BCE0856,CS10,kmeans_k64,mnist,70000,Lloyd-Parallel-Pool,multiprocessing.Pool+shared_memory,Apple M2,1,1,13.188625207996665,,,0.28780550099691027,0.036189047001244035,0.411066953005502,684.078125,,4
23BCE0856,CS10,kmeans_k64,mnist,70000,Lloyd-Parallel-Pool,multiprocessing.Pool+shared_memory,Apple M2,1,1,12.835307458000898,,,0.26847365601497586,0.043955837019893806,0.23386716401728336,1146.984375,,5
23BCE0856,CS10,kmeans_k64,mnist,70000,Lloyd-Parallel-Pool,multiprocessing.Pool+shared_memory,Apple M2,2,1,9.71013362499798,,,0.1481063780192926,0.022539628993399674,0.14801229095610324,1648.28125,,1
23BCE0856,CS10,kmeans_k64,mnist,70000,Lloyd-Parallel-Pool,multiprocessing.Pool+shared_memory,Apple M2,2,1,9.982389917000546,,,0.17895200100610964,0.02680216399676283,0.221587708019797,1440.375,,2
23BCE0856,CS10,kmeans_k64,mnist,70000,Lloyd-Parallel-Pool,multiprocessing.Pool+shared_memory,Apple M2,2,1,9.899906332997489,,,0.15271582598870737,0.04646795898588607,0.20435724401613697,1590.1875,,3
23BCE0856,CS10,kmeans_k64,mnist,70000,Lloyd-Parallel-Pool,multiprocessing.Pool+shared_memory,Apple M2,2,1,9.697952415997861,,,0.15854724005112075,0.02652441702230135,0.14492937300383346,1623.03125,,4
23BCE0856,CS10,kmeans_k64,mnist,70000,Lloyd-Parallel-Pool,multiprocessing.Pool+shared_memory,Apple M2,2,1,9.762910707999254,,,0.13739249897844275,0.02240845200503827,0.18143220098863821,1572.9375,,5
23BCE0856,CS10,kmeans_k64,mnist,70000,Lloyd-Parallel-Pool,multiprocessing.Pool+shared_memory,Apple M2,4,1,5.195235292001598,,,0.2342479070139234,0.024861627007339848,0.1312265429951367,2691.65625,,1
23BCE0856,CS10,kmeans_k64,mnist,70000,Lloyd-Parallel-Pool,multiprocessing.Pool+shared_memory,Apple M2,4,1,5.428179041999101,,,0.2517990789892792,0.025814085984166013,0.14614275200801785,2493.984375,,2
23BCE0856,CS10,kmeans_k64,mnist,70000,Lloyd-Parallel-Pool,multiprocessing.Pool+shared_memory,Apple M2,4,1,5.399509916001989,,,0.25937883100050385,0.03551970901025925,0.13253637597881607,2571.078125,,3
23BCE0856,CS10,kmeans_k64,mnist,70000,Lloyd-Parallel-Pool,multiprocessing.Pool+shared_memory,Apple M2,4,1,5.365201541000715,,,0.27988254696538206,0.03483087401036755,0.1462828760195407,2538.890625,,4
23BCE0856,CS10,kmeans_k64,mnist,70000,Lloyd-Parallel-Pool,multiprocessing.Pool+shared_memory,Apple M2,4,1,5.382798583003023,,,0.2366600430032122,0.030422662966884673,0.14030254097815487,2593.46875,,5
23BCE0856,CS10,kmeans_k64,mnist,70000,Lloyd-Parallel-Pool,multiprocessing.Pool+shared_memory,Apple M2,8,1,4.371732874998997,,,0.5123090329980187,0.036111624001932796,0.1801552099896071,4482.046875,,1
23BCE0856,CS10,kmeans_k64,mnist,70000,Lloyd-Parallel-Pool,multiprocessing.Pool+shared_memory,Apple M2,8,1,4.6470424580002145,,,0.5107906309676764,0.03380208702219534,0.1932555019920983,4216.625,,2
23BCE0856,CS10,kmeans_k64,mnist,70000,Lloyd-Parallel-Pool,multiprocessing.Pool+shared_memory,Apple M2,8,1,4.715380125002412,,,0.4179874519977602,0.03451870999560924,0.19482695402257377,4279.484375,,3
23BCE0856,CS10,kmeans_k64,mnist,70000,Lloyd-Parallel-Pool,multiprocessing.Pool+shared_memory,Apple M2,8,1,4.827255582997168,,,0.4809909139839874,0.03371291598523385,0.20344829500754713,4260.125,,4
23BCE0856,CS10,kmeans_k64,mnist,70000,Lloyd-Parallel-Pool,multiprocessing.Pool+shared_memory,Apple M2,8,1,4.776668457998312,,,0.5005583209967881,0.035579998002504,0.20147350197294145,4187.1875,,5
