Dataset,Problem_Size,K,Algorithm,Resource_Count,Median_Execution_Time,Std_Execution_Time,Median_Communication_Time,Median_Synchronization_Time,Median_Scheduling_Time,Median_Memory_Use,N_Runs,Speedup,Efficiency
mnist,70000,8,Lloyd-Parallel-Pool,1,6.667867333999311,0.05111748708573452,0.0306805380132573,0.0183407100121257,0.1418262919723929,1147.109375,5,1.0600967702154898,1.0600967702154898
mnist,70000,8,Lloyd-Parallel-Pool,2,3.891308457998093,0.0968119733787782,0.0244230389980657,0.0127137069830496,0.1328692059978493,1612.4375,5,1.8165058620499372,0.9082529310249686
mnist,70000,8,Lloyd-Parallel-Pool,4,2.4870498750024126,0.03670130416023933,0.0415657460107468,0.0103778699958638,0.1429154189972905,2491.1875,5,2.8421563620597605,0.7105390905149401
mnist,70000,8,Lloyd-Parallel-Pool,8,2.3418712919992686,0.07647890274201433,0.0995102860179031,0.0145856650196947,0.2171437910037639,4261.953125,5,3.018348894385032,0.377293611798129
mnist,70000,8,Lloyd-Sequential,1,7.068584624998039,0.08429158238602087,0.0,0.0,0.0,722.171875,5,1.0,1.0
mnist,70000,16,Lloyd-Parallel-Pool,1,12.854626249998546,0.09298049293337207,0.0773649940056202,0.0334193399867217,0.1869528669922147,1156.75,5,1.0505826128550617,1.0505826128550617
mnist,70000,16,Lloyd-Parallel-Pool,2,7.338570666997839,0.10062156334967821,0.0873802919995796,0.0277492949899169,0.1479000879917293,1606.328125,5,1.8402557454043675,0.9201278727021838
mnist,70000,16,Lloyd-Parallel-Pool,4,4.619729041998653,0.06360873868209029,0.1390332929877331,0.0197011260133876,0.1538692860121955,2500.53125,5,2.9232984684218786,0.7308246171054696
mnist,70000,16,Lloyd-Parallel-Pool,8,3.9832406249988703,0.05913334978515377,0.1591787480101629,0.0275665080116596,0.1952499149992945,4316.71875,5,3.3904170258362347,0.42380212822952934
mnist,70000,16,Lloyd-Sequential,1,13.504846832998735,0.1363927022560859,0.0,0.0,0.0,657.703125,5,1.0,1.0
mnist,70000,64,Lloyd-Parallel-Pool,1,12.733606499998132,0.21565235609375216,0.2247740399870963,0.036189047001244,0.1732104980146687,1172.875,5,1.0377627043054427,1.0377627043054427
mnist,70000,64,Lloyd-Parallel-Pool,2,9.762910707999254,0.12504461082542637,0.1527158259887073,0.0265244170223013,0.1814322009886382,1590.1875,5,1.3535371071428666,0.6767685535714333
mnist,70000,64,Lloyd-Parallel-Pool,4,5.382798583003023,0.0918348752415745,0.2517990789892792,0.0304226629668846,0.1403025409781548,2571.078125,5,2.454942668433857,0.6137356671084643
mnist,70000,64,Lloyd-Parallel-Pool,8,4.715380125002412,0.17862582468875748,0.5005583209967881,0.0345187099956092,0.1948269540225737,4260.125,5,2.802417104600378,0.35030213807504723
mnist,70000,64,Lloyd-Sequential,1,13.214461916999426,0.10343009948484978,0.0,0.0,0.0,661.265625,5,1.0,1.0
synthetic_blobs,100000,8,Lloyd-Parallel-Pool,1,1.1024044999976468,0.02443424808516414,0.0340080819914874,0.0029906680101703,0.0880725010174501,160.59375,5,0.9514372528435147,0.9514372528435147
synthetic_blobs,100000,8,Lloyd-Parallel-Pool,2,0.7004390840011183,0.0043826920920041,0.0439916640170849,0.0030162960028974,0.0925361240042548,234.78125,5,1.4974445786329291,0.7487222893164646
synthetic_blobs,100000,8,Lloyd-Parallel-Pool,4,0.5273914999997942,0.00429215325538179,0.0362054570105101,0.0032823819965415,0.1114906240181881,385.140625,5,1.9887857673104303,0.4971964418276076
synthetic_blobs,100000,8,Lloyd-Parallel-Pool,8,0.536416625000129,0.006016544772521251,0.047836407989962,0.0034369560198683,0.1517794560131733,714.3125,5,1.9553247608607158,0.24441559510758948
synthetic_blobs,100000,8,Lloyd-Sequential,1,1.0488687090000894,0.032428410853707165,0.0,0.0,0.0,22.375,5,1.0,1.0
synthetic_blobs,100000,16,Lloyd-Parallel-Pool,1,1.3364031250021071,0.005891432510976864,0.039778375030437,0.0044173330097692,0.0887959600004251,206.984375,5,0.9216934448566352,0.9216934448566352
synthetic_blobs,100000,16,Lloyd-Parallel-Pool,2,0.8588007500002277,0.030020485006367028,0.052746325971384,0.0046742109843762,0.0907717060108552,275.609375,5,1.4342721521843547,0.7171360760921773
synthetic_blobs,100000,16,Lloyd-Parallel-Pool,4,0.6511973750020843,0.038133371048265974,0.0547399510032846,0.009218838000379,0.1060270420093729,460.40625,5,1.8915217525199977,0.4728804381299994
synthetic_blobs,100000,16,Lloyd-Parallel-Pool,8,0.649626457998238,0.0067470491967804285,0.060596664003242,0.006626796999626,0.1578913670018664,777.78125,5,1.8960958021874557,0.23701197527343196
synthetic_blobs,100000,16,Lloyd-Sequential,1,1.2317540000003646,0.06967822035615105,0.0,0.0,0.0,49.59375,5,1.0,1.0
synthetic_blobs,100000,64,Lloyd-Parallel-Pool,1,2.007562124999822,0.02663967264860045,0.0621188739969511,0.0138476590000209,0.0873603749969333,184.84375,5,0.9598561613628744,0.9598561613628744
synthetic_blobs,100000,64,Lloyd-Parallel-Pool,2,1.2173917079999228,0.0040282261924315475,0.0431237040247651,0.0076683389852405,0.0924255470054049,245.375,5,1.582868408201731,0.7914342041008655
synthetic_blobs,100000,64,Lloyd-Parallel-Pool,4,0.9727172079983576,0.03236268204494353,0.0752100409954437,0.0123097499927098,0.1080924589878122,703.09375,5,1.9810185932303133,0.4952546483075783
synthetic_blobs,100000,64,Lloyd-Parallel-Pool,8,0.9387803749996236,0.004683213078139711,0.0870136960293166,0.0137490429806348,0.1542806709840078,1248.328125,5,2.052632251713397,0.2565790314641746
synthetic_blobs,100000,64,Lloyd-Sequential,1,1.9269708749998244,0.04069958957690475,0.0,0.0,0.0,44.0,5,1.0,1.0
synthetic_blobs,500000,8,Lloyd-Parallel-Pool,1,0.4712162089999765,0.002338659979649758,0.0030255839992605,0.000226833999477,0.096907249004289,255.609375,5,0.7509515488672645,0.7509515488672645
synthetic_blobs,500000,8,Lloyd-Parallel-Pool,2,0.3484863330013468,0.023379495601666928,0.0021459600029629,0.000242623998929,0.0987147909945633,457.609375,5,1.0154215775185806,0.5077107887592903
synthetic_blobs,500000,8,Lloyd-Parallel-Pool,4,0.3008111669987556,0.0033307646900420456,0.0017980820011871,0.0002280000007885,0.1111849169938068,651.4375,5,1.176354407086745,0.2940886017716863
synthetic_blobs,500000,8,Lloyd-Parallel-Pool,8,0.3678806250027264,0.006734630134501423,0.0036609149974538,0.0002662499973666,0.1616739999990386,701.3125,5,0.9618895857787305,0.12023619822234131
synthetic_blobs,500000,8,Lloyd-Sequential,1,0.353860541999893,0.0025788370717095823,0.0,0.0,0.0,32.59375,5,1.0,1.0
synthetic_blobs,500000,16,Lloyd-Parallel-Pool,1,6.345614624999143,0.1540511777796705,0.0866922439963673,0.009209007017489,0.1122810410088277,445.328125,5,1.0527279760550903,1.0527279760550903
synthetic_blobs,500000,16,Lloyd-Parallel-Pool,2,3.5077581660007127,0.024075086605419866,0.060640128023806,0.0093795840002712,0.1116626290095155,595.34375,5,1.9044089486411795,0.9522044743205897
synthetic_blobs,500000,16,Lloyd-Parallel-Pool,4,2.296187292002287,0.049127208879760395,0.068708991024323,0.0085102929879212,0.1151393399886728,1411.359375,5,2.9092600870444483,0.7273150217611121
synthetic_blobs,500000,16,Lloyd-Parallel-Pool,8,2.246940959001222,0.04626331863410102,0.0962467000135802,0.0082416630393709,0.1867617870157119,2094.1875,5,2.9730225061055093,0.37162781326318867
synthetic_blobs,500000,16,Lloyd-Sequential,1,6.680206041000929,0.11849523198600852,0.0,0.0,0.0,29.984375,5,1.0,1.0
synthetic_blobs,500000,64,Lloyd-Parallel-Pool,1,10.011117250000098,0.13792071914664972,0.201305696995405,0.0078575889856438,0.1106287509901449,704.0625,5,1.0149057996497162,1.0149057996497162
synthetic_blobs,500000,64,Lloyd-Parallel-Pool,2,5.99050866700054,0.11292669269381536,0.1856654189832625,0.0093243320079636,0.1113459560147021,868.34375,5,1.696073158856762,0.848036579428381
synthetic_blobs,500000,64,Lloyd-Parallel-Pool,4,3.850703374999284,0.02566375908730224,0.0862641249877924,0.0093970880116103,0.1130219980004767,1210.953125,5,2.6385675468966254,0.6596418867241564
synthetic_blobs,500000,64,Lloyd-Parallel-Pool,8,3.5063487919978797,0.0275110125871657,0.073806496006,0.0109657539906038,0.1678790010009834,1867.484375,5,2.8976983069072153,0.3622122883634019
synthetic_blobs,500000,64,Lloyd-Sequential,1,10.160340957998416,0.2412327146368442,0.0,0.0,0.0,84.734375,5,1.0,1.0
synthetic_blobs,2000000,8,Lloyd-Parallel-Pool,1,26.59665274999861,0.12989454629437433,0.1189107870159205,0.0044154979768791,0.1604019999977026,1266.484375,5,1.0108103734972225,1.0108103734972225
synthetic_blobs,2000000,8,Lloyd-Parallel-Pool,2,14.50909354200121,0.539287422132468,0.089583203982329,0.004500420000113,0.1729153369888081,1923.03125,5,1.852918821026082,0.926459410513041
synthetic_blobs,2000000,8,Lloyd-Parallel-Pool,4,9.414113667000493,0.11106259960821747,0.0768104499948094,0.004802210987691,0.1404861170158255,2702.609375,5,2.8557306031092153,0.7139326507773038
synthetic_blobs,2000000,8,Lloyd-Parallel-Pool,8,7.728781957997853,0.2968488950977829,0.1197734980087261,0.0051690419895749,0.1947520850044384,4971.828125,5,3.4784488223505776,0.4348061027938222
synthetic_blobs,2000000,8,Lloyd-Sequential,1,26.884172500002023,0.2061996282730947,0.0,0.0,0.0,513.53125,5,1.0,1.0
synthetic_blobs,2000000,16,Lloyd-Parallel-Pool,1,25.71880824999971,0.28144365182798753,0.2023647099958907,0.0062495830097759,0.1715410859724215,1421.953125,5,0.9877731860689319,0.9877731860689319
synthetic_blobs,2000000,16,Lloyd-Parallel-Pool,2,14.18937575000018,0.26386998624136715,0.1199432439971133,0.0058457899940549,0.1690826689919049,2059.46875,5,1.7903782107537622,0.8951891053768811
synthetic_blobs,2000000,16,Lloyd-Parallel-Pool,4,9.307017833001735,0.1723488014290491,0.0856293560209451,0.006303623002168,0.137441418988601,2813.96875,5,2.7295906833783983,0.6823976708445996
synthetic_blobs,2000000,16,Lloyd-Parallel-Pool,8,9.037899625000136,0.26438031355445346,0.1666357869980856,0.0118765500155859,0.2470058749968302,4679.625,5,2.8108686997060737,0.3513585874632592
synthetic_blobs,2000000,16,Lloyd-Sequential,1,25.404349166998145,0.07936005608332888,0.0,0.0,0.0,509.75,5,1.0,1.0
synthetic_blobs,2000000,64,Lloyd-Parallel-Pool,1,54.74136008300047,10.553066743991963,1.031578634014295,0.0217338369875506,0.1959602970309788,2336.703125,5,0.8559983646177752,0.8559983646177752
synthetic_blobs,2000000,64,Lloyd-Parallel-Pool,2,32.38844108400008,1.5803755889656033,0.4440012049853976,0.0140918339857307,0.1926994980094605,2843.703125,5,1.4467665975794468,0.7233832987897234
synthetic_blobs,2000000,64,Lloyd-Parallel-Pool,4,16.706885416999285,0.6195877585434681,0.2182835330422676,0.0096766220012796,0.1789115409992518,4085.515625,5,2.8047426877257773,0.7011856719314443
synthetic_blobs,2000000,64,Lloyd-Parallel-Pool,8,22.691113665998273,6.518521540210085,0.4350594179886684,0.0379118379860301,0.2879336229925684,5701.734375,5,2.0650601551662393,0.2581325193957799
synthetic_blobs,2000000,64,Lloyd-Sequential,1,46.85851470800117,0.2892854934252241,0.0,0.0,0.0,1965.671875,5,1.0,1.0
